PassengerId,Survived,Pclass,Name,Sex,Age,SibSp,Parch,Ticket,Fare,Cabin,Embarked,Cabin_Known,Title
1,0,3,"Braund, Mr. Owen Harris",Male,22.0,1,0,A/5 21171,7.25,Unknown,S,0,Mr
2,1,1,"Cumings, Mrs. John Bradley (Florence Briggs Thayer)",Female,38.0,1,0,PC 17599,65.63,C85,C,1,Mrs
3,1,3,"Heikkinen, Miss. Laina",Female,26.0,0,0,STON/O2. 3101282,7.92,Unknown,S,0,Miss
4,1,1,"Futrelle, Mrs. Jacques Heath (Lily May Peel)",Female,35.0,1,0,113803,53.1,C123,S,1,Mrs
5,0,3,"Allen, Mr. William Henry",Male,35.0,0,0,373450,8.05,Unknown,S,0,Mr
6,0,3,"Moran, Mr. James",Male,25.0,0,0,330877,8.46,Unknown,Q,0,Mr
7,0,1,"McCarthy, Mr. Timothy J",Male,54.0,0,0,17463,51.86,E46,S,1,Mr
8,0,3,"Palsson, Master. Gosta Leonard",Male,2.0,3,1,349909,21.08,Unknown,S,0,Master
9,1,3,"Johnson, Mrs. Oscar W (Elisabeth Vilhelmina Berg)",Female,27.0,0,2,347742,11.13,Unknown,S,0,Mrs
10,1,2,"Nasser, Mrs. Nicholas (Adele Achem)",Female,14.0,1,0,237736,30.07,Unknown,C,0,Mrs
11,1,3,"Sandstrom, Miss. Marguerite Rut",Female,4.0,1,1,PP 9549,16.7,G6,S,1,Miss
12,1,1,"Bonnell, Miss. Elizabeth",Female,58.0,0,0,113783,26.55,C103,S,1,Miss
13,0,3,"Saundercock, Mr. William Henry",Male,20.0,0,0,A/5. 2151,8.05,Unknown,S,0,Mr
14,0,3,"Andersson, Mr. Anders Johan",Male,39.0,1,5,347082,31.28,Unknown,S,0,Mr
15,0,3,"Vestrom, Miss. Hulda Amanda Adolfina",Female,14.0,0,0,350406,7.85,Unknown,S,0,Miss
16,1,2,"Hewlett, Mrs. (Mary D Kingcome)",Female,55.0,0,0,248706,16.0,Unknown,S,0,Mrs
17,0,3,"Rice, Master. Eugene",Male,2.0,4,1,382652,29.12,Unknown,Q,0,Master
18,1,2,"Williams, Mr. Charles Eugene",Male,30.0,0,0,244373,13.0,Unknown,S,0,Mr
19,0,3,"Vander Planke, Mrs. Julius (Emelia Maria Vandemoortele)",Female,31.0,1,0,345763,18.0,Unknown,S,0,Mrs
20,1,3,"Masselmani, Mrs. Fatima",Female,21.5,0,0,2649,7.22,Unknown,C,0,Mrs
21,0,2,"Fynney, Mr. Joseph J",Male,35.0,0,0,239865,26.0,Unknown,S,0,Mr
22,1,2,"Beesley, Mr. Lawrence",Male,34.0,0,0,248698,13.0,D56,S,1,Mr
23,1,3,"McGowan, Miss. Anna ""Annie""",Female,15.0,0,0,330923,8.03,Unknown,Q,0,Miss
24,1,1,"Sloper, Mr. William Thompson",Male,28.0,0,0,113788,35.5,A6,S,1,Mr
25,0,3,"Palsson, Miss. Torborg Danira",Female,8.0,3,1,349909,21.08,Unknown,S,0,Miss
26,1,3,"Asplund, Mrs. Carl Oscar (Selma Augusta Emilia Johansson)",Female,38.0,1,5,347077,31.39,Unknown,S,0,Mrs
27,0,3,"Emir, Mr. Farred Chehab",Male,25.0,0,0,2631,7.22,Unknown,C,0,Mr
28,0,1,"Fortune, Mr. Charles Alexander",Male,19.0,3,2,19950,65.63,C23 C25 C27,S,1,Mr
29,1,3,"O'Dwyer, Miss. Ellen ""Nellie""",Female,21.5,0,0,330959,7.88,Unknown,Q,0,Miss
30,0,3,"Todoroff, Mr. Lalio",Male,25.0,0,0,349216,7.9,Unknown,S,0,Mr
31,0,1,"Uruchurtu, Don. Manuel E",Male,40.0,0,0,PC 17601,27.72,Unknown,C,0,Rare
32,1,1,"Spencer, Mrs. William Augustus (Marie Eugenie)",Female,35.0,1,0,PC 17569,65.63,B78,C,1,Mrs
33,1,3,"Glynn, Miss. Mary Agatha",Female,21.5,0,0,335677,7.75,Unknown,Q,0,Miss
34,0,2,"Wheadon, Mr. Edward H",Male,66.0,0,0,C.A. 24579,10.5,Unknown,S,0,Mr
35,0,1,"Meyer, Mr. Edgar Joseph",Male,28.0,1,0,PC 17604,65.63,Unknown,C,0,Mr
36,0,1,"Holverson, Mr. Alexander Oskar",Male,42.0,1,0,113789,52.0,Unknown,S,0,Mr
37,1,3,"Mamee, Mr. Hanna",Male,25.0,0,0,2677,7.23,Unknown,C,0,Mr
38,0,3,"Cann, Mr. Ernest Charles",Male,21.0,0,0,A./5. 2152,8.05,Unknown,S,0,Mr
39,0,3,"Vander Planke, Miss. Augusta Maria",Female,18.0,2,0,345764,18.0,Unknown,S,0,Miss
40,1,3,"Nicola-Yarred, Miss. Jamila",Female,14.0,1,0,2651,11.24,Unknown,C,0,Miss
41,0,3,"Ahlin, Mrs. Johan (Johanna Persdotter Larsson)",Female,40.0,1,0,7546,9.48,Unknown,S,0,Mrs
42,0,2,"Turpin, Mrs. William John Robert (Dorothy Ann Wonnacott)",Female,27.0,1,0,11668,21.0,Unknown,S,0,Mrs
43,0,3,"Kraeff, Mr. Theodor",Male,25.0,0,0,349253,7.9,Unknown,C,0,Mr
44,1,2,"Laroche, Miss. Simonne Marie Anne Andree",Female,3.0,1,2,SC/Paris 2123,41.58,Unknown,C,0,Miss
45,1,3,"Devaney, Miss. Margaret Delia",Female,19.0,0,0,330958,7.88,Unknown,Q,0,Miss
46,0,3,"Rogers, Mr. William John",Male,25.0,0,0,S.C./A.4. 23567,8.05,Unknown,S,0,Mr
47,0,3,"Lennon, Mr. Denis",Male,25.0,1,0,370371,15.5,Unknown,Q,0,Mr
48,1,3,"O'Driscoll, Miss. Bridget",Female,21.5,0,0,14311,7.75,Unknown,Q,0,Miss
49,0,3,"Samaan, Mr. Youssef",Male,25.0,2,0,2662,21.68,Unknown,C,0,Mr
50,0,3,"Arnold-Franchi, Mrs. Josef (Josefine Franchi)",Female,18.0,1,0,349237,17.8,Unknown,S,0,Mrs
51,0,3,"Panula, Master. Juha Niilo",Male,7.0,4,1,3101295,39.69,Unknown,S,0,Master
52,0,3,"Nosworthy, Mr. Richard Cater",Male,21.0,0,0,A/4. 39886,7.8,Unknown,S,0,Mr
53,1,1,"Harper, Mrs. Henry Sleeper (Myna Haxtun)",Female,49.0,1,0,PC 17572,65.63,D33,C,1,Mrs
54,1,2,"Faunthorpe, Mrs. Lizzie (Elizabeth Anne Wilkinson)",Female,29.0,1,0,2926,26.0,Unknown,S,0,Mrs
55,0,1,"Ostby, Mr. Engelhart Cornelius",Male,65.0,0,1,113509,61.98,B30,C,1,Mr
56,1,1,"Woolner, Mr. Hugh",Male,40.0,0,0,19947,35.5,C52,S,1,Mr
57,1,2,"Rugg, Miss. Emily",Female,21.0,0,0,C.A. 31026,10.5,Unknown,S,0,Miss
58,0,3,"Novel, Mr. Mansouer",Male,28.5,0,0,2697,7.23,Unknown,C,0,Mr
59,1,2,"West, Miss. Constance Mirium",Female,5.0,1,2,C.A. 34651,27.75,Unknown,S,0,Miss
60,0,3,"Goodwin, Master. William Frederick",Male,11.0,5,2,CA 2144,46.9,Unknown,S,0,Master
61,0,3,"Sirayanian, Mr. Orsen",Male,22.0,0,0,2669,7.23,Unknown,C,0,Mr
62,1,1,"Icard, Miss. Amelie",Female,38.0,0,0,113572,65.63,B28,S,1,Miss
63,0,1,"Harris, Mr. Henry Birkhardt",Male,45.0,1,0,36973,65.63,C83,S,1,Mr
64,0,3,"Skoog, Master. Harald",Male,4.0,3,2,347088,27.9,Unknown,S,0,Master
65,0,1,"Stewart, Mr. Albert A",Male,40.0,0,0,PC 17605,27.72,Unknown,C,0,Mr
66,1,3,"Moubarek, Master. Gerios",Male,25.0,1,1,2661,15.25,Unknown,C,0,Master
67,1,2,"Nye, Mrs. (Elizabeth Ramell)",Female,29.0,0,0,C.A. 29395,10.5,F33,S,1,Mrs
68,0,3,"Crease, Mr. Ernest James",Male,19.0,0,0,S.P. 3464,8.16,Unknown,S,0,Mr
69,1,3,"Andersson, Miss. Erna Alexandra",Female,17.0,4,2,3101281,7.92,Unknown,S,0,Miss
70,0,3,"Kink, Mr. Vincenz",Male,26.0,2,0,315151,8.66,Unknown,S,0,Mr
71,0,2,"Jenkin, Mr. Stephen Curnow",Male,32.0,0,0,C.A. 33111,10.5,Unknown,S,0,Mr
72,0,3,"Goodwin, Miss. Lillian Amy",Female,16.0,5,2,CA 2144,46.9,Unknown,S,0,Miss
73,0,2,"Hood, Mr. Ambrose Jr",Male,21.0,0,0,S.O.C. 14879,65.63,Unknown,S,0,Mr
74,0,3,"Chronopoulos, Mr. Apostolos",Male,26.0,1,0,2680,14.45,Unknown,C,0,Mr
75,1,3,"Bing, Mr. Lee",Male,32.0,0,0,1601,56.5,Unknown,S,0,Mr
76,0,3,"Moen, Mr. Sigurd Hansen",Male,25.0,0,0,348123,7.65,F G73,S,1,Mr
77,0,3,"Staneff, Mr. Ivan",Male,25.0,0,0,349208,7.9,Unknown,S,0,Mr
78,0,3,"Moutal, Mr. Rahamin Haim",Male,25.0,0,0,374746,8.05,Unknown,S,0,Mr
79,1,2,"Caldwell, Master. Alden Gates",Male,0.8,0,2,248738,29.0,Unknown,S,0,Master
80,1,3,"Dowdell, Miss. Elizabeth",Female,30.0,0,0,364516,12.48,Unknown,S,0,Miss
81,0,3,"Waelens, Mr. Achille",Male,22.0,0,0,345767,9.0,Unknown,S,0,Mr
82,1,3,"Sheerlinck, Mr. Jan Baptist",Male,29.0,0,0,345779,9.5,Unknown,S,0,Mr
83,1,3,"McDermott, Miss. Brigdet Delia",Female,21.5,0,0,330932,7.79,Unknown,Q,0,Miss
84,0,1,"Carrau, Mr. Francisco M",Male,28.0,0,0,113059,47.1,Unknown,S,0,Mr
85,1,2,"Ilett, Miss. Bertha",Female,17.0,0,0,SO/C 14885,10.5,Unknown,S,0,Miss
86,1,3,"Backstrom, Mrs. Karl Alfred (Maria Mathilda Gustafsson)",Female,33.0,3,0,3101278,15.85,Unknown,S,0,Mrs
87,0,3,"Ford, Mr. William Neal",Male,16.0,1,3,W./C. 6608,34.38,Unknown,S,0,Mr
88,0,3,"Slocovski, Mr. Selman Francis",Male,25.0,0,0,SOTON/OQ 392086,8.05,Unknown,S,0,Mr
89,1,1,"Fortune, Miss. Mabel Helen",Female,23.0,3,2,19950,65.63,C23 C25 C27,S,1,Miss
90,0,3,"Celotti, Mr. Francesco",Male,24.0,0,0,343275,8.05,Unknown,S,0,Mr
91,0,3,"Christmann, Mr. Emil",Male,29.0,0,0,343276,8.05,Unknown,S,0,Mr
92,0,3,"Andreasson, Mr. Paul Edvin",Male,20.0,0,0,347466,7.85,Unknown,S,0,Mr
93,0,1,"Chaffee, Mr. Herbert Fuller",Male,46.0,1,0,W.E.P. 5734,61.18,E31,S,1,Mr
94,0,3,"Dean, Mr. Bertram Frank",Male,26.0,1,2,C.A. 2315,20.58,Unknown,S,0,Mr
95,0,3,"Coxon, Mr. Daniel",Male,59.0,0,0,364500,7.25,Unknown,S,0,Mr
96,0,3,"Shorney, Mr. Charles Joseph",Male,25.0,0,0,374910,8.05,Unknown,S,0,Mr
97,0,1,"Goldschmidt, Mr. George B",Male,71.0,0,0,PC 17754,34.65,A5,C,1,Mr
98,1,1,"Greenfield, Mr. William Bertram",Male,23.0,0,1,PC 17759,63.36,D10 D12,C,1,Mr
99,1,2,"Doling, Mrs. John T (Ada Julia Bone)",Female,34.0,0,1,231919,23.0,Unknown,S,0,Mrs
100,0,2,"Kantor, Mr. Sinai",Male,34.0,1,0,244367,26.0,Unknown,S,0,Mr
101,0,3,"Petranec, Miss. Matilda",Female,28.0,0,0,349245,7.9,Unknown,S,0,Miss
102,0,3,"Petroff, Mr. Pastcho (""Pentcho"")",Male,25.0,0,0,349215,7.9,Unknown,S,0,Mr
103,0,1,"White, Mr. Richard Frasar",Male,21.0,0,1,35281,65.63,D26,S,1,Mr
104,0,3,"Johansson, Mr. Gustaf Joel",Male,33.0,0,0,7540,8.65,Unknown,S,0,Mr
105,0,3,"Gustafsson, Mr. Anders Vilhelm",Male,37.0,2,0,3101276,7.92,Unknown,S,0,Mr
106,0,3,"Mionoff, Mr. Stoytcho",Male,28.0,0,0,349207,7.9,Unknown,S,0,Mr
107,1,3,"Salkjelsvik, Miss. Anna Kristine",Female,21.0,0,0,343120,7.65,Unknown,S,0,Miss
108,1,3,"Moss, Mr. Albert Johan",Male,25.0,0,0,312991,7.78,Unknown,S,0,Mr
109,0,3,"Rekic, Mr. Tido",Male,38.0,0,0,349249,7.9,Unknown,S,0,Mr
110,1,3,"Moran, Miss. Bertha",Female,21.5,1,0,371110,24.15,Unknown,Q,0,Miss
111,0,1,"Porter, Mr. Walter Chamberlain",Male,47.0,0,0,110465,52.0,C110,S,1,Mr
112,0,3,"Zabour, Miss. Hileni",Female,14.5,1,0,2665,14.45,Unknown,C,0,Miss
113,0,3,"Barton, Mr. David John",Male,22.0,0,0,324669,8.05,Unknown,S,0,Mr
114,0,3,"Jussila, Miss. Katriina",Female,20.0,1,0,4136,9.82,Unknown,S,0,Miss
115,0,3,"Attalah, Miss. Malake",Female,17.0,0,0,2627,14.46,Unknown,C,0,Miss
116,0,3,"Pekoniemi, Mr. Edvard",Male,21.0,0,0,STON/O 2. 3101294,7.92,Unknown,S,0,Mr
117,0,3,"Connors, Mr. Patrick",Male,70.5,0,0,370369,7.75,Unknown,Q,0,Mr
118,0,2,"Turpin, Mr. William John Robert",Male,29.0,1,0,11668,21.0,Unknown,S,0,Mr
119,0,1,"Baxter, Mr. Quigg Edmond",Male,24.0,0,1,PC 17558,65.63,B58 B60,C,1,Mr
120,0,3,"Andersson, Miss. Ellis Anna Maria",Female,2.0,4,2,347082,31.28,Unknown,S,0,Miss
121,0,2,"Hickman, Mr. Stanley George",Male,21.0,2,0,S.O.C. 14879,65.63,Unknown,S,0,Mr
122,0,3,"Moore, Mr. Leonard Charles",Male,25.0,0,0,A4. 54510,8.05,Unknown,S,0,Mr
123,0,2,"Nasser, Mr. Nicholas",Male,32.5,1,0,237736,30.07,Unknown,C,0,Mr
124,1,2,"Webber, Miss. Susan",Female,32.5,0,0,27267,13.0,E101,S,1,Miss
125,0,1,"White, Mr. Percival Wayland",Male,54.0,0,1,35281,65.63,D26,S,1,Mr
126,1,3,"Nicola-Yarred, Master. Elias",Male,12.0,1,0,2651,11.24,Unknown,C,0,Master
127,0,3,"McMahon, Mr. Martin",Male,25.0,0,0,370372,7.75,Unknown,Q,0,Mr
128,1,3,"Madsen, Mr. Fridtjof Arne",Male,24.0,0,0,C 17369,7.14,Unknown,S,0,Mr
129,1,3,"Peter, Miss. Anna",Female,21.5,1,1,2668,22.36,F E69,C,1,Miss
130,0,3,"Ekstrom, Mr. Johan",Male,45.0,0,0,347061,6.98,Unknown,S,0,Mr
131,0,3,"Drazenoic, Mr. Jozef",Male,33.0,0,0,349241,7.9,Unknown,C,0,Mr
132,0,3,"Coelho, Mr. Domingos Fernandeo",Male,20.0,0,0,SOTON/O.Q. 3101307,7.05,Unknown,S,0,Mr
133,0,3,"Robins, Mrs. Alexander A (Grace Charity Laury)",Female,47.0,1,0,A/5. 3337,14.5,Unknown,S,0,Mrs
134,1,2,"Weisz, Mrs. Leopold (Mathilde Francoise Pede)",Female,29.0,1,0,228414,26.0,Unknown,S,0,Mrs
135,0,2,"Sobey, Mr. Samuel James Hayden",Male,25.0,0,0,C.A. 29178,13.0,Unknown,S,0,Mr
136,0,2,"Richard, Mr. Emile",Male,23.0,0,0,SC/PARIS 2133,15.05,Unknown,C,0,Mr
137,1,1,"Newsom, Miss. Helen Monypeny",Female,19.0,0,2,11752,26.28,D47,S,1,Miss
138,0,1,"Futrelle, Mr. Jacques Heath",Male,37.0,1,0,113803,53.1,C123,S,1,Mr
139,0,3,"Osen, Mr. Olaf Elon",Male,16.0,0,0,7534,9.22,Unknown,S,0,Mr
140,0,1,"Giglio, Mr. Victor",Male,24.0,0,0,PC 17593,65.63,B86,C,1,Mr
141,0,3,"Boulos, Mrs. Joseph (Sultana)",Female,21.5,0,2,2678,15.25,Unknown,C,0,Mrs
142,1,3,"Nysten, Miss. Anna Sofia",Female,22.0,0,0,347081,7.75,Unknown,S,0,Miss
143,1,3,"Hakkarainen, Mrs. Pekka Pietari (Elin Matilda Dolck)",Female,24.0,1,0,STON/O2. 3101279,15.85,Unknown,S,0,Mrs
144,0,3,"Burke, Mr. Jeremiah",Male,19.0,0,0,365222,6.75,Unknown,Q,0,Mr
145,0,2,"Andrew, Mr. Edgardo Samuel",Male,18.0,0,0,231945,11.5,Unknown,S,0,Mr
146,0,2,"Nicholls, Mr. Joseph Charles",Male,19.0,1,1,C.A. 33112,36.75,Unknown,S,0,Mr
147,1,3,"Andersson, Mr. August Edvard (""Wennerstrom"")",Male,27.0,0,0,350043,7.8,Unknown,S,0,Mr
148,0,3,"Ford, Miss. Robina Maggie ""Ruby""",Female,9.0,2,2,W./C. 6608,34.38,Unknown,S,0,Miss
149,0,2,"Navratil, Mr. Michel (""Louis M Hoffman"")",Male,36.5,0,2,230080,26.0,F2,S,1,Mr
150,0,2,"Byles, Rev. Thomas Roussel Davids",Male,42.0,0,0,244310,13.0,Unknown,S,0,Rare
151,0,2,"Bateman, Rev. Robert James",Male,51.0,0,0,S.O.P. 1166,12.52,Unknown,S,0,Rare
152,1,1,"Pears, Mrs. Thomas (Edith Wearne)",Female,22.0,1,0,113776,65.63,C2,S,1,Mrs
153,0,3,"Meo, Mr. Alfonzo",Male,55.5,0,0,A.5. 11206,8.05,Unknown,S,0,Mr
154,0,3,"van Billiard, Mr. Austin Blyler",Male,40.5,0,2,A/5. 851,14.5,Unknown,S,0,Mr
155,0,3,"Olsen, Mr. Ole Martin",Male,25.0,0,0,Fa 265302,7.31,Unknown,S,0,Mr
156,0,1,"Williams, Mr. Charles Duane",Male,51.0,0,1,PC 17597,61.38,Unknown,C,0,Mr
157,1,3,"Gilnagh, Miss. Katherine ""Katie""",Female,16.0,0,0,35851,7.73,Unknown,Q,0,Miss
158,0,3,"Corn, Mr. Harry",Male,30.0,0,0,SOTON/OQ 392090,8.05,Unknown,S,0,Mr
159,0,3,"Smiljanic, Mr. Mile",Male,25.0,0,0,315037,8.66,Unknown,S,0,Mr
160,0,3,"Sage, Master. Thomas Henry",Male,25.0,8,2,CA. 2343,65.63,Unknown,S,0,Master
161,0,3,"Cribb, Mr. John Hatfield",Male,44.0,0,1,371362,16.1,Unknown,S,0,Mr
162,1,2,"Watt, Mrs. James (Elizabeth ""Bessie"" Inglis Milne)",Female,40.0,0,0,C.A. 33595,15.75,Unknown,S,0,Mrs
163,0,3,"Bengtsson, Mr. John Viktor",Male,26.0,0,0,347068,7.78,Unknown,S,0,Mr
164,0,3,"Calic, Mr. Jovo",Male,17.0,0,0,315093,8.66,Unknown,S,0,Mr
165,0,3,"Panula, Master. Eino Viljami",Male,1.0,4,1,3101295,39.69,Unknown,S,0,Master
166,1,3,"Goldsmith, Master. Frank John William ""Frankie""",Male,9.0,0,2,363291,20.52,Unknown,S,0,Master
167,1,1,"Chibnall, Mrs. (Edith Martha Bowerman)",Female,35.0,0,1,113505,55.0,E33,S,1,Mrs
168,0,3,"Skoog, Mrs. William (Anna Bernhardina Karlsson)",Female,45.0,1,4,347088,27.9,Unknown,S,0,Mrs
169,0,1,"Baumann, Mr. John D",Male,40.0,0,0,PC 17318,25.92,Unknown,S,0,Mr
170,0,3,"Ling, Mr. Lee",Male,28.0,0,0,1601,56.5,Unknown,S,0,Mr
171,0,1,"Van der hoef, Mr. Wyckoff",Male,61.0,0,0,111240,33.5,B19,S,1,Mr
172,0,3,"Rice, Master. Arthur",Male,4.0,4,1,382652,29.12,Unknown,Q,0,Master
173,1,3,"Johnson, Miss. Eleanor Ileen",Female,1.0,1,1,347742,11.13,Unknown,S,0,Miss
174,0,3,"Sivola, Mr. Antti Wilhelm",Male,21.0,0,0,STON/O 2. 3101280,7.92,Unknown,S,0,Mr
175,0,1,"Smith, Mr. James Clinch",Male,56.0,0,0,17764,30.7,A7,C,1,Mr
176,0,3,"Klasen, Mr. Klas Albin",Male,18.0,1,1,350404,7.85,Unknown,S,0,Mr
177,0,3,"Lefebre, Master. Henry Forbes",Male,25.0,3,1,4133,25.47,Unknown,S,0,Master
178,0,1,"Isham, Miss. Ann Elizabeth",Female,50.0,0,0,PC 17595,28.71,C49,C,1,Miss
179,0,2,"Hale, Mr. Reginald",Male,30.0,0,0,250653,13.0,Unknown,S,0,Mr
180,0,3,"Leonard, Mr. Lionel",Male,36.0,0,0,LINE,0.0,Unknown,S,0,Mr
181,0,3,"Sage, Miss. Constance Gladys",Female,21.5,8,2,CA. 2343,65.63,Unknown,S,0,Miss
182,0,2,"Pernot, Mr. Rene",Male,30.0,0,0,SC/PARIS 2131,15.05,Unknown,C,0,Mr
183,0,3,"Asplund, Master. Clarence Gustaf Hugo",Male,9.0,4,2,347077,31.39,Unknown,S,0,Master
184,1,2,"Becker, Master. Richard F",Male,1.0,2,1,230136,39.0,F4,S,1,Master
185,1,3,"Kink-Heilmann, Miss. Luise Gretchen",Female,4.0,0,2,315153,22.02,Unknown,S,0,Miss
186,0,1,"Rood, Mr. Hugh Roscoe",Male,40.0,0,0,113767,50.0,A32,S,1,Mr
187,1,3,"O'Brien, Mrs. Thomas (Johanna ""Hannah"" Godfrey)",Female,21.5,1,0,370365,15.5,Unknown,Q,0,Mrs
188,1,1,"Romaine, Mr. Charles Hallace (""Mr C Rolmane"")",Male,45.0,0,0,111428,26.55,Unknown,S,0,Mr
189,0,3,"Bourke, Mr. John",Male,40.0,1,1,364849,15.5,Unknown,Q,0,Mr
190,0,3,"Turcin, Mr. Stjepan",Male,36.0,0,0,349247,7.9,Unknown,S,0,Mr
191,1,2,"Pinsky, Mrs. (Rosa)",Female,32.0,0,0,234604,13.0,Unknown,S,0,Mrs
192,0,2,"Carbines, Mr. William",Male,19.0,0,0,28424,13.0,Unknown,S,0,Mr
193,1,3,"Andersen-Jensen, Miss. Carla Christine Nielsine",Female,19.0,1,0,350046,7.85,Unknown,S,0,Miss
194,1,2,"Navratil, Master. Michel M",Male,3.0,1,1,230080,26.0,F2,S,1,Master
195,1,1,"Brown, Mrs. James Joseph (Margaret Tobin)",Female,44.0,0,0,PC 17610,27.72,B4,C,1,Mrs
196,1,1,"Lurette, Miss. Elise",Female,58.0,0,0,PC 17569,65.63,B80,C,1,Miss
197,0,3,"Mernagh, Mr. Robert",Male,25.0,0,0,368703,7.75,Unknown,Q,0,Mr
198,0,3,"Olsen, Mr. Karl Siegwart Andreas",Male,42.0,0,1,4579,8.4,Unknown,S,0,Mr
199,1,3,"Madigan, Miss. Margaret ""Maggie""",Female,21.5,0,0,370370,7.75,Unknown,Q,0,Miss
200,0,2,"Yrois, Miss. Henriette (""Mrs Harbeck"")",Female,24.0,0,0,248747,13.0,Unknown,S,0,Miss
201,0,3,"Vande Walle, Mr. Nestor Cyriel",Male,28.0,0,0,345770,9.5,Unknown,S,0,Mr
202,0,3,"Sage, Mr. Frederick",Male,25.0,8,2,CA. 2343,65.63,Unknown,S,0,Mr
203,0,3,"Johanson, Mr. Jakob Alfred",Male,34.0,0,0,3101264,6.5,Unknown,S,0,Mr
204,0,3,"Youseff, Mr. Gerious",Male,45.5,0,0,2628,7.22,Unknown,C,0,Mr
205,1,3,"Cohen, Mr. Gurshon ""Gus""",Male,18.0,0,0,A/5 3540,8.05,Unknown,S,0,Mr
206,0,3,"Strom, Miss. Telma Matilda",Female,2.0,0,1,347054,10.46,G6,S,1,Miss
207,0,3,"Backstrom, Mr. Karl Alfred",Male,32.0,1,0,3101278,15.85,Unknown,S,0,Mr
208,1,3,"Albimona, Mr. Nassef Cassem",Male,26.0,0,0,2699,18.79,Unknown,C,0,Mr
209,1,3,"Carr, Miss. Helen ""Ellen""",Female,16.0,0,0,367231,7.75,Unknown,Q,0,Miss
210,1,1,"Blank, Mr. Henry",Male,40.0,0,0,112277,31.0,A31,C,1,Mr
211,0,3,"Ali, Mr. Ahmed",Male,24.0,0,0,SOTON/O.Q. 3101311,7.05,Unknown,S,0,Mr
212,1,2,"Cameron, Miss. Clear Annie",Female,35.0,0,0,F.C.C. 13528,21.0,Unknown,S,0,Miss
213,0,3,"Perkin, Mr. John Henry",Male,22.0,0,0,A/5 21174,7.25,Unknown,S,0,Mr
214,0,2,"Givard, Mr. Hans Kristensen",Male,30.0,0,0,250646,13.0,Unknown,S,0,Mr
215,0,3,"Kiernan, Mr. Philip",Male,25.0,1,0,367229,7.75,Unknown,Q,0,Mr
216,1,1,"Newell, Miss. Madeleine",Female,31.0,1,0,35273,65.63,D36,C,1,Miss
217,1,3,"Honkanen, Miss. Eliina",Female,27.0,0,0,STON/O2. 3101283,7.92,Unknown,S,0,Miss
218,0,2,"Jacobsohn, Mr. Sidney Samuel",Male,42.0,1,0,243847,27.0,Unknown,S,0,Mr
219,1,1,"Bazzani, Miss. Albina",Female,32.0,0,0,11813,65.63,D15,C,1,Miss
220,0,2,"Harris, Mr. Walter",Male,30.0,0,0,W/C 14208,10.5,Unknown,S,0,Mr
221,1,3,"Sunderland, Mr. Victor Francis",Male,16.0,0,0,SOTON/OQ 392089,8.05,Unknown,S,0,Mr
222,0,2,"Bracken, Mr. James H",Male,27.0,0,0,220367,13.0,Unknown,S,0,Mr
223,0,3,"Green, Mr. George Henry",Male,51.0,0,0,21440,8.05,Unknown,S,0,Mr
224,0,3,"Nenkoff, Mr. Christo",Male,25.0,0,0,349234,7.9,Unknown,S,0,Mr
225,1,1,"Hoyt, Mr. Frederick Maxfield",Male,38.0,1,0,19943,65.63,C93,S,1,Mr
226,0,3,"Berglund, Mr. Karl Ivar Sven",Male,22.0,0,0,PP 4348,9.35,Unknown,S,0,Mr
227,1,2,"Mellors, Mr. William John",Male,19.0,0,0,SW/PP 751,10.5,Unknown,S,0,Mr
228,0,3,"Lovell, Mr. John Hall (""Henry"")",Male,20.5,0,0,A/5 21173,7.25,Unknown,S,0,Mr
229,0,2,"Fahlstrom, Mr. Arne Jonas",Male,18.0,0,0,236171,13.0,Unknown,S,0,Mr
230,0,3,"Lefebre, Miss. Mathilde",Female,21.5,3,1,4133,25.47,Unknown,S,0,Miss
231,1,1,"Harris, Mrs. Henry Birkhardt (Irene Wallach)",Female,35.0,1,0,36973,65.63,C83,S,1,Mrs
232,0,3,"Larsson, Mr. Bengt Edvin",Male,29.0,0,0,347067,7.78,Unknown,S,0,Mr
233,0,2,"Sjostedt, Mr. Ernst Adolf",Male,59.0,0,0,237442,13.5,Unknown,S,0,Mr
234,1,3,"Asplund, Miss. Lillian Gertrud",Female,5.0,4,2,347077,31.39,Unknown,S,0,Miss
235,0,2,"Leyson, Mr. Robert William Norman",Male,24.0,0,0,C.A. 29566,10.5,Unknown,S,0,Mr
236,0,3,"Harknett, Miss. Alice Phoebe",Female,21.5,0,0,W./C. 6609,7.55,Unknown,S,0,Miss
237,0,2,"Hold, Mr. Stephen",Male,44.0,1,0,26707,26.0,Unknown,S,0,Mr
238,1,2,"Collyer, Miss. Marjorie ""Lottie""",Female,8.0,0,2,C.A. 31921,26.25,Unknown,S,0,Miss
239,0,2,"Pengelly, Mr. Frederick William",Male,19.0,0,0,28665,10.5,Unknown,S,0,Mr
240,0,2,"Hunt, Mr. George Henry",Male,33.0,0,0,SCO/W 1585,12.28,Unknown,S,0,Mr
241,0,3,"Zabour, Miss. Thamine",Female,21.5,1,0,2665,14.45,Unknown,C,0,Miss
242,1,3,"Murphy, Miss. Katherine ""Kate""",Female,21.5,1,0,367230,15.5,Unknown,Q,0,Miss
243,0,2,"Coleridge, Mr. Reginald Charles",Male,29.0,0,0,W./C. 14263,10.5,Unknown,S,0,Mr
244,0,3,"Maenpaa, Mr. Matti Alexanteri",Male,22.0,0,0,STON/O 2. 3101275,7.12,Unknown,S,0,Mr
245,0,3,"Attalah, Mr. Sleiman",Male,30.0,0,0,2694,7.22,Unknown,C,0,Mr
246,0,1,"Minahan, Dr. William Edward",Male,44.0,2,0,19928,65.63,C78,Q,1,Rare
247,0,3,"Lindahl, Miss. Agda Thorilda Viktoria",Female,25.0,0,0,347071,7.78,Unknown,S,0,Miss
248,1,2,"Hamalainen, Mrs. William (Anna)",Female,24.0,0,2,250649,14.5,Unknown,S,0,Mrs
249,1,1,"Beckwith, Mr. Richard Leonard",Male,37.0,1,1,11751,52.55,D35,S,1,Mr
250,0,2,"Carter, Rev. Ernest Courtenay",Male,54.0,1,0,244252,26.0,Unknown,S,0,Rare
251,0,3,"Reed, Mr. James George",Male,25.0,0,0,362316,7.25,Unknown,S,0,Mr
252,0,3,"Strom, Mrs. Wilhelm (Elna Matilda Persson)",Female,29.0,1,1,347054,10.46,G6,S,1,Mrs
253,0,1,"Stead, Mr. William Thomas",Male,62.0,0,0,113514,26.55,C87,S,1,Mr
254,0,3,"Lobb, Mr. William Arthur",Male,30.0,1,0,A/5. 3336,16.1,Unknown,S,0,Mr
255,0,3,"Rosblom, Mrs. Viktor (Helena Wilhelmina)",Female,41.0,0,2,370129,20.21,Unknown,S,0,Mrs
256,1,3,"Touma, Mrs. Darwis (Hanne Youssef Razi)",Female,29.0,0,2,2650,15.25,Unknown,C,0,Mrs
257,1,1,"Thorne, Mrs. Gertrude Maybelle",Female,35.0,0,0,PC 17585,65.63,Unknown,C,0,Mrs
258,1,1,"Cherry, Miss. Gladys",Female,30.0,0,0,110152,65.63,B77,S,1,Miss
259,1,1,"Ward, Miss. Anna",Female,35.0,0,0,PC 17755,65.63,Unknown,C,0,Miss
260,1,2,"Parrish, Mrs. (Lutie Davis)",Female,50.0,0,1,230433,26.0,Unknown,S,0,Mrs
261,0,3,"Smith, Mr. Thomas",Male,25.0,0,0,384461,7.75,Unknown,Q,0,Mr
262,1,3,"Asplund, Master. Edvin Rojj Felix",Male,3.0,4,2,347077,31.39,Unknown,S,0,Master
263,0,1,"Taussig, Mr. Emil",Male,52.0,1,1,110413,65.63,E67,S,1,Mr
264,0,1,"Harrison, Mr. William",Male,40.0,0,0,112059,0.0,B94,S,1,Mr
265,0,3,"Henry, Miss. Delia",Female,21.5,0,0,382649,7.75,Unknown,Q,0,Miss
266,0,2,"Reeves, Mr. David",Male,36.0,0,0,C.A. 17248,10.5,Unknown,S,0,Mr
267,0,3,"Panula, Mr. Ernesti Arvid",Male,16.0,4,1,3101295,39.69,Unknown,S,0,Mr
268,1,3,"Persson, Mr. Ernst Ulrik",Male,25.0,1,0,347083,7.78,Unknown,S,0,Mr
269,1,1,"Graham, Mrs. William Thompson (Edith Junkins)",Female,58.0,0,1,PC 17582,65.63,C125,S,1,Mrs
270,1,1,"Bissette, Miss. Amelia",Female,35.0,0,0,PC 17760,65.63,C99,S,1,Miss
271,0,1,"Cairns, Mr. Alexander",Male,40.0,0,0,113798,31.0,Unknown,S,0,Mr
272,1,3,"Tornquist, Mr. William Henry",Male,25.0,0,0,LINE,0.0,Unknown,S,0,Mr
273,1,2,"Mellinger, Mrs. (Elizabeth Anne Maidment)",Female,41.0,0,1,250644,19.5,Unknown,S,0,Mrs
274,0,1,"Natsch, Mr. Charles H",Male,37.0,0,1,PC 17596,29.7,C118,C,1,Mr
275,1,3,"Healy, Miss. Hanora ""Nora""",Female,21.5,0,0,370375,7.75,Unknown,Q,0,Miss
276,1,1,"Andrews, Miss. Kornelia Theodosia",Female,63.0,1,0,13502,65.63,D7,S,1,Miss
277,0,3,"Lindblom, Miss. Augusta Charlotta",Female,45.0,0,0,347073,7.75,Unknown,S,0,Miss
278,0,2,"Parkes, Mr. Francis ""Frank""",Male,30.0,0,0,239853,0.0,Unknown,S,0,Mr
279,0,3,"Rice, Master. Eric",Male,7.0,4,1,382652,29.12,Unknown,Q,0,Master
280,1,3,"Abbott, Mrs. Stanton (Rosa Hunt)",Female,35.0,1,1,C.A. 2673,20.25,Unknown,S,0,Mrs
281,0,3,"Duane, Mr. Frank",Male,65.0,0,0,336439,7.75,Unknown,Q,0,Mr
282,0,3,"Olsson, Mr. Nils Johan Goransson",Male,28.0,0,0,347464,7.85,Unknown,S,0,Mr
283,0,3,"de Pelsmaeker, Mr. Alfons",Male,16.0,0,0,345778,9.5,Unknown,S,0,Mr
284,1,3,"Dorking, Mr. Edward Arthur",Male,19.0,0,0,A/5. 10482,8.05,Unknown,S,0,Mr
285,0,1,"Smith, Mr. Richard William",Male,40.0,0,0,113056,26.0,A19,S,1,Mr
286,0,3,"Stankovic, Mr. Ivan",Male,33.0,0,0,349239,8.66,Unknown,C,0,Mr
287,1,3,"de Mulder, Mr. Theodore",Male,30.0,0,0,345774,9.5,Unknown,S,0,Mr
288,0,3,"Naidenoff, Mr. Penko",Male,22.0,0,0,349206,7.9,Unknown,S,0,Mr
289,1,2,"Hosono, Mr. Masabumi",Male,42.0,0,0,237798,13.0,Unknown,S,0,Mr
290,1,3,"Connolly, Miss. Kate",Female,22.0,0,0,370373,7.75,Unknown,Q,0,Miss
291,1,1,"Barber, Miss. Ellen ""Nellie""",Female,26.0,0,0,19877,65.63,Unknown,S,0,Miss
292,1,1,"Bishop, Mrs. Dickinson H (Helen Walton)",Female,19.0,1,0,11967,65.63,B49,C,1,Mrs
293,0,2,"Levy, Mr. Rene Jacques",Male,36.0,0,0,SC/Paris 2163,12.88,D,C,1,Mr
294,0,3,"Haas, Miss. Aloisia",Female,24.0,0,0,349236,8.85,Unknown,S,0,Miss
295,0,3,"Mineff, Mr. Ivan",Male,24.0,0,0,349233,7.9,Unknown,S,0,Mr
296,0,1,"Lewy, Mr. Ervin G",Male,40.0,0,0,PC 17612,27.72,Unknown,C,0,Mr
297,0,3,"Hanna, Mr. Mansour",Male,23.5,0,0,2693,7.23,Unknown,C,0,Mr
298,0,1,"Allison, Miss. Helen Loraine",Female,2.0,1,2,113781,65.63,C22 C26,S,1,Miss
299,1,1,"Saalfeld, Mr. Adolphe",Male,40.0,0,0,19988,30.5,C106,S,1,Mr
300,1,1,"Baxter, Mrs. James (Helene DeLaudeniere Chaput)",Female,50.0,0,1,PC 17558,65.63,B58 B60,C,1,Mrs
301,1,3,"Kelly, Miss. Anna Katherine ""Annie Kate""",Female,21.5,0,0,9234,7.75,Unknown,Q,0,Miss
302,1,3,"McCoy, Mr. Bernard",Male,25.0,2,0,367226,23.25,Unknown,Q,0,Mr
303,0,3,"Johnson, Mr. William Cahoone Jr",Male,19.0,0,0,LINE,0.0,Unknown,S,0,Mr
304,1,2,"Keane, Miss. Nora A",Female,28.0,0,0,226593,12.35,E101,Q,1,Miss
305,0,3,"Williams, Mr. Howard Hugh ""Harry""",Male,25.0,0,0,A/5 2466,8.05,Unknown,S,0,Mr
306,1,1,"Allison, Master. Hudson Trevor",Male,0.9,1,2,113781,65.63,C22 C26,S,1,Master
307,1,1,"Fleming, Miss. Margaret",Female,35.0,0,0,17421,65.63,Unknown,C,0,Miss
308,1,1,"Penasco y Castellana, Mrs. Victor de Satode (Maria Josefa Perez de Soto y Vallejo)",Female,17.0,1,0,PC 17758,65.63,C65,C,1,Mrs
309,0,2,"Abelson, Mr. Samuel",Male,30.0,1,0,P/PP 3381,24.0,Unknown,C,0,Mr
310,1,1,"Francatelli, Miss. Laura Mabel",Female,30.0,0,0,PC 17485,56.93,E36,C,1,Miss
311,1,1,"Hays, Miss. Margaret Bechstein",Female,24.0,0,0,11767,65.63,C54,C,1,Miss
312,1,1,"Ryerson, Miss. Emily Borie",Female,18.0,2,2,PC 17608,65.63,B57 B59 B63 B66,C,1,Miss
313,0,2,"Lahtinen, Mrs. William (Anna Sylfven)",Female,26.0,1,1,250651,26.0,Unknown,S,0,Mrs
314,0,3,"Hendekovic, Mr. Ignjac",Male,28.0,0,0,349243,7.9,Unknown,S,0,Mr
315,0,2,"Hart, Mr. Benjamin",Male,43.0,1,1,F.C.C. 13529,26.25,Unknown,S,0,Mr
316,1,3,"Nilsson, Miss. Helmina Josefina",Female,26.0,0,0,347470,7.85,Unknown,S,0,Miss
317,1,2,"Kantor, Mrs. Sinai (Miriam Sternin)",Female,24.0,1,0,244367,26.0,Unknown,S,0,Mrs
318,0,2,"Moraweck, Dr. Ernest",Male,54.0,0,0,29011,14.0,Unknown,S,0,Rare
319,1,1,"Wick, Miss. Mary Natalie",Female,31.0,0,2,36928,65.63,C7,S,1,Miss
320,1,1,"Spedden, Mrs. Frederic Oakley (Margaretta Corning Stone)",Female,40.0,1,1,16966,65.63,E34,C,1,Mrs
321,0,3,"Dennis, Mr. Samuel",Male,22.0,0,0,A/5 21172,7.25,Unknown,S,0,Mr
322,0,3,"Danoff, Mr. Yoto",Male,27.0,0,0,349219,7.9,Unknown,S,0,Mr
323,1,2,"Slayter, Miss. Hilda Mary",Female,30.0,0,0,234818,12.35,Unknown,Q,0,Miss
324,1,2,"Caldwell, Mrs. Albert Francis (Sylvia Mae Harbaugh)",Female,22.0,1,1,248738,29.0,Unknown,S,0,Mrs
325,0,3,"Sage, Mr. George John Jr",Male,25.0,8,2,CA. 2343,65.63,Unknown,S,0,Mr
326,1,1,"Young, Miss. Marie Grice",Female,36.0,0,0,PC 17760,65.63,C32,C,1,Miss
327,0,3,"Nysveen, Mr. Johan Hansen",Male,61.0,0,0,345364,6.24,Unknown,S,0,Mr
328,1,2,"Ball, Mrs. (Ada E Hall)",Female,36.0,0,0,28551,13.0,D,S,1,Mrs
329,1,3,"Goldsmith, Mrs. Frank John (Emily Alice Brown)",Female,31.0,1,1,363291,20.52,Unknown,S,0,Mrs
330,1,1,"Hippach, Miss. Jean Gertrude",Female,16.0,0,1,111361,57.98,B18,C,1,Miss
331,1,3,"McCoy, Miss. Agnes",Female,21.5,2,0,367226,23.25,Unknown,Q,0,Miss
332,0,1,"Partner, Mr. Austen",Male,45.5,0,0,113043,28.5,C124,S,1,Mr
333,0,1,"Graham, Mr. George Edward",Male,38.0,0,1,PC 17582,65.63,C91,S,1,Mr
334,0,3,"Vander Planke, Mr. Leo Edmondus",Male,16.0,2,0,345764,18.0,Unknown,S,0,Mr
335,1,1,"Frauenthal, Mrs. Henry William (Clara Heinsheimer)",Female,35.0,1,0,PC 17611,65.63,Unknown,S,0,Mrs
336,0,3,"Denkoff, Mr. Mitto",Male,25.0,0,0,349225,7.9,Unknown,S,0,Mr
337,0,1,"Pears, Mr. Thomas Clinton",Male,29.0,1,0,113776,65.63,C2,S,1,Mr
338,1,1,"Burns, Miss. Elizabeth Margaret",Female,41.0,0,0,16966,65.63,E40,C,1,Miss
339,1,3,"Dahl, Mr. Karl Edwart",Male,45.0,0,0,7598,8.05,Unknown,S,0,Mr
340,0,1,"Blackwell, Mr. Stephen Weart",Male,45.0,0,0,113784,35.5,T,S,1,Mr
341,1,2,"Navratil, Master. Edmond Roger",Male,2.0,1,1,230080,26.0,F2,S,1,Master
342,1,1,"Fortune, Miss. Alice Elizabeth",Female,24.0,3,2,19950,65.63,C23 C25 C27,S,1,Miss
343,0,2,"Collander, Mr. Erik Gustaf",Male,28.0,0,0,248740,13.0,Unknown,S,0,Mr
344,0,2,"Sedgwick, Mr. Charles Frederick Waddington",Male,25.0,0,0,244361,13.0,Unknown,S,0,Mr
345,0,2,"Fox, Mr. Stanley Hubert",Male,36.0,0,0,229236,13.0,Unknown,S,0,Mr
346,1,2,"Brown, Miss. Amelia ""Mildred""",Female,24.0,0,0,248733,13.0,F33,S,1,Miss
347,1,2,"Smith, Miss. Marion Elsie",Female,40.0,0,0,31418,13.0,Unknown,S,0,Miss
348,1,3,"Davison, Mrs. Thomas Henry (Mary E Finck)",Female,21.5,1,0,386525,16.1,Unknown,S,0,Mrs
349,1,3,"Coutts, Master. William Loch ""William""",Male,3.0,1,1,C.A. 37671,15.9,Unknown,S,0,Master
350,0,3,"Dimic, Mr. Jovan",Male,42.0,0,0,315088,8.66,Unknown,S,0,Mr
351,0,3,"Odahl, Mr. Nils Martin",Male,23.0,0,0,7267,9.22,Unknown,S,0,Mr
352,0,1,"Williams-Lambert, Mr. Fletcher Fellows",Male,40.0,0,0,113510,35.0,C128,S,1,Mr
353,0,3,"Elias, Mr. Tannous",Male,15.0,1,1,2695,7.23,Unknown,C,0,Mr
354,0,3,"Arnold-Franchi, Mr. Josef",Male,25.0,1,0,349237,17.8,Unknown,S,0,Mr
355,0,3,"Yousif, Mr. Wazli",Male,25.0,0,0,2647,7.22,Unknown,C,0,Mr
356,0,3,"Vanden Steen, Mr. Leo Peter",Male,28.0,0,0,345783,9.5,Unknown,S,0,Mr
357,1,1,"Bowerman, Miss. Elsie Edith",Female,22.0,0,1,113505,55.0,E33,S,1,Miss
358,0,2,"Funk, Miss. Annie Clemmer",Female,38.0,0,0,237671,13.0,Unknown,S,0,Miss
359,1,3,"McGovern, Miss. Mary",Female,21.5,0,0,330931,7.88,Unknown,Q,0,Miss
360,1,3,"Mockler, Miss. Helen Mary ""Ellie""",Female,21.5,0,0,330980,7.88,Unknown,Q,0,Miss
361,0,3,"Skoog, Mr. Wilhelm",Male,40.0,1,4,347088,27.9,Unknown,S,0,Mr
362,0,2,"del Carlo, Mr. Sebastiano",Male,29.0,1,0,SC/PARIS 2167,27.72,Unknown,C,0,Mr
363,0,3,"Barbara, Mrs. (Catherine David)",Female,45.0,0,1,2691,14.45,Unknown,C,0,Mrs
364,0,3,"Asim, Mr. Adola",Male,35.0,0,0,SOTON/O.Q. 3101310,7.05,Unknown,S,0,Mr
365,0,3,"O'Brien, Mr. Thomas",Male,25.0,1,0,370365,15.5,Unknown,Q,0,Mr
366,0,3,"Adahl, Mr. Mauritz Nils Martin",Male,30.0,0,0,C 7076,7.25,Unknown,S,0,Mr
367,1,1,"Warren, Mrs. Frank Manley (Anna Sophia Atkinson)",Female,60.0,1,0,110813,65.63,D37,C,1,Mrs
368,1,3,"Moussa, Mrs. (Mantoura Boulos)",Female,21.5,0,0,2626,7.23,Unknown,C,0,Mrs
369,1,3,"Jermyn, Miss. Annie",Female,21.5,0,0,14313,7.75,Unknown,Q,0,Miss
370,1,1,"Aubart, Mme. Leontine Pauline",Female,24.0,0,0,PC 17477,65.63,B35,C,1,Mrs
371,1,1,"Harder, Mr. George Achilles",Male,25.0,1,0,11765,55.44,E50,C,1,Mr
372,0,3,"Wiklund, Mr. Jakob Alfred",Male,18.0,1,0,3101267,6.5,Unknown,S,0,Mr
373,0,3,"Beavan, Mr. William Thomas",Male,19.0,0,0,323951,8.05,Unknown,S,0,Mr
374,0,1,"Ringhini, Mr. Sante",Male,22.0,0,0,PC 17760,65.63,Unknown,C,0,Mr
375,0,3,"Palsson, Miss. Stina Viola",Female,3.0,3,1,349909,21.08,Unknown,S,0,Miss
376,1,1,"Meyer, Mrs. Edgar Joseph (Leila Saks)",Female,35.0,1,0,PC 17604,65.63,Unknown,C,0,Mrs
377,1,3,"Landergren, Miss. Aurora Adelia",Female,22.0,0,0,C 7077,7.25,Unknown,S,0,Miss
378,0,1,"Widener, Mr. Harry Elkins",Male,27.0,0,2,113503,65.63,C82,C,1,Mr
379,0,3,"Betros, Mr. Tannous",Male,20.0,0,0,2648,4.01,Unknown,C,0,Mr
380,0,3,"Gustafsson, Mr. Karl Gideon",Male,19.0,0,0,347069,7.78,Unknown,S,0,Mr
381,1,1,"Bidois, Miss. Rosalie",Female,42.0,0,0,PC 17757,65.63,Unknown,C,0,Miss
382,1,3,"Nakid, Miss. Maria (""Mary"")",Female,1.0,0,2,2653,15.74,Unknown,C,0,Miss
383,0,3,"Tikkanen, Mr. Juho",Male,32.0,0,0,STON/O 2. 3101293,7.92,Unknown,S,0,Mr
384,1,1,"Holverson, Mrs. Alexander Oskar (Mary Aline Towner)",Female,35.0,1,0,113789,52.0,Unknown,S,0,Mrs
385,0,3,"Plotcharsky, Mr. Vasil",Male,25.0,0,0,349227,7.9,Unknown,S,0,Mr
386,0,2,"Davies, Mr. Charles Henry",Male,18.0,0,0,S.O.C. 14879,65.63,Unknown,S,0,Mr
387,0,3,"Goodwin, Master. Sidney Leonard",Male,1.0,5,2,CA 2144,46.9,Unknown,S,0,Master
388,1,2,"Buss, Miss. Kate",Female,36.0,0,0,27849,13.0,Unknown,S,0,Miss
389,0,3,"Sadlier, Mr. Matthew",Male,25.0,0,0,367655,7.73,Unknown,Q,0,Mr
390,1,2,"Lehmann, Miss. Bertha",Female,17.0,0,0,SC 1748,12.0,Unknown,C,0,Miss
391,1,1,"Carter, Mr. William Ernest",Male,36.0,1,2,113760,65.63,B96 B98,S,1,Mr
392,1,3,"Jansson, Mr. Carl Olof",Male,21.0,0,0,350034,7.8,Unknown,S,0,Mr
393,0,3,"Gustafsson, Mr. Johan Birger",Male,28.0,2,0,3101277,7.92,Unknown,S,0,Mr
394,1,1,"Newell, Miss. Marjorie",Female,23.0,1,0,35273,65.63,D36,C,1,Miss
395,1,3,"Sandstrom, Mrs. Hjalmar (Agnes Charlotta Bengtsson)",Female,24.0,0,2,PP 9549,16.7,G6,S,1,Mrs
396,0,3,"Johansson, Mr. Erik",Male,22.0,0,0,350052,7.8,Unknown,S,0,Mr
397,0,3,"Olsson, Miss. Elina",Female,31.0,0,0,350407,7.85,Unknown,S,0,Miss
398,0,2,"McKane, Mr. Peter David",Male,46.0,0,0,28403,26.0,Unknown,S,0,Mr
399,0,2,"Pain, Dr. Alfred",Male,23.0,0,0,244278,10.5,Unknown,S,0,Rare
400,1,2,"Trout, Mrs. William H (Jessie L)",Female,28.0,0,0,240929,12.65,Unknown,S,0,Mrs
401,1,3,"Niskanen, Mr. Juha",Male,39.0,0,0,STON/O 2. 3101289,7.92,Unknown,S,0,Mr
402,0,3,"Adams, Mr. John",Male,26.0,0,0,341826,8.05,Unknown,S,0,Mr
403,0,3,"Jussila, Miss. Mari Aina",Female,21.0,1,0,4137,9.82,Unknown,S,0,Miss
404,0,3,"Hakkarainen, Mr. Pekka Pietari",Male,28.0,1,0,STON/O2. 3101279,15.85,Unknown,S,0,Mr
405,0,3,"Oreskovic, Miss. Marija",Female,20.0,0,0,315096,8.66,Unknown,S,0,Miss
406,0,2,"Gale, Mr. Shadrach",Male,34.0,1,0,28664,21.0,Unknown,S,0,Mr
407,0,3,"Widegren, Mr. Carl/Charles Peter",Male,51.0,0,0,347064,7.75,Unknown,S,0,Mr
408,1,2,"Richards, Master. William Rowe",Male,3.0,1,1,29106,18.75,Unknown,S,0,Master
409,0,3,"Birkeland, Mr. Hans Martin Monsen",Male,21.0,0,0,312992,7.78,Unknown,S,0,Mr
410,0,3,"Lefebre, Miss. Ida",Female,21.5,3,1,4133,25.47,Unknown,S,0,Miss
411,0,3,"Sdycoff, Mr. Todor",Male,25.0,0,0,349222,7.9,Unknown,S,0,Mr
412,0,3,"Hart, Mr. Henry",Male,25.0,0,0,394140,6.86,Unknown,Q,0,Mr
413,1,1,"Minahan, Miss. Daisy E",Female,33.0,1,0,19928,65.63,C78,Q,1,Miss
414,0,2,"Cunningham, Mr. Alfred Fleming",Male,30.0,0,0,239853,0.0,Unknown,S,0,Mr
415,1,3,"Sundman, Mr. Johan Julian",Male,44.0,0,0,STON/O 2. 3101269,7.92,Unknown,S,0,Mr
416,0,3,"Meek, Mrs. Thomas (Annie Louise Rowley)",Female,21.5,0,0,343095,8.05,Unknown,S,0,Mrs
417,1,2,"Drew, Mrs. James Vivian (Lulu Thorne Christian)",Female,34.0,1,1,28220,32.5,Unknown,S,0,Mrs
418,1,2,"Silven, Miss. Lyyli Karoliina",Female,18.0,0,2,250652,13.0,Unknown,S,0,Miss
419,0,2,"Matthews, Mr. William John",Male,30.0,0,0,28228,13.0,Unknown,S,0,Mr
420,0,3,"Van Impe, Miss. Catharina",Female,10.0,0,2,345773,24.15,Unknown,S,0,Miss
421,0,3,"Gheorgheff, Mr. Stanio",Male,25.0,0,0,349254,7.9,Unknown,C,0,Mr
422,0,3,"Charters, Mr. David",Male,21.0,0,0,A/5. 13032,7.73,Unknown,Q,0,Mr
423,0,3,"Zimmerman, Mr. Leo",Male,29.0,0,0,315082,7.88,Unknown,S,0,Mr
424,0,3,"Danbom, Mrs. Ernst Gilbert (Anna Sigrid Maria Brogren)",Female,28.0,1,1,347080,14.4,Unknown,S,0,Mrs
425,0,3,"Rosblom, Mr. Viktor Richard",Male,18.0,1,1,370129,20.21,Unknown,S,0,Mr
426,0,3,"Wiseman, Mr. Phillippe",Male,25.0,0,0,A/4. 34244,7.25,Unknown,S,0,Mr
427,1,2,"Clarke, Mrs. Charles V (Ada Maria Winfield)",Female,28.0,1,0,2003,26.0,Unknown,S,0,Mrs
428,1,2,"Phillips, Miss. Kate Florence (""Mrs Kate Louise Phillips Marshall"")",Female,19.0,0,0,250655,26.0,Unknown,S,0,Miss
429,0,3,"Flynn, Mr. James",Male,25.0,0,0,364851,7.75,Unknown,Q,0,Mr
430,1,3,"Pickard, Mr. Berk (Berk Trembisky)",Male,32.0,0,0,SOTON/O.Q. 392078,8.05,E10,S,1,Mr
431,1,1,"Bjornstrom-Steffansson, Mr. Mauritz Hakan",Male,28.0,0,0,110564,26.55,C52,S,1,Mr
432,1,3,"Thorneycroft, Mrs. Percival (Florence Kate White)",Female,21.5,1,0,376564,16.1,Unknown,S,0,Mrs
433,1,2,"Louch, Mrs. Charles Alexander (Alice Adelaide Slow)",Female,42.0,1,0,SC/AH 3085,26.0,Unknown,S,0,Mrs
434,0,3,"Kallio, Mr. Nikolai Erland",Male,17.0,0,0,STON/O 2. 3101274,7.12,Unknown,S,0,Mr
435,0,1,"Silvey, Mr. William Baird",Male,50.0,1,0,13507,55.9,E44,S,1,Mr
436,1,1,"Carter, Miss. Lucile Polk",Female,14.0,1,2,113760,65.63,B96 B98,S,1,Miss
437,0,3,"Ford, Miss. Doolina Margaret ""Daisy""",Female,21.0,2,2,W./C. 6608,34.38,Unknown,S,0,Miss
438,1,2,"Richards, Mrs. Sidney (Emily Hocking)",Female,24.0,2,3,29106,18.75,Unknown,S,0,Mrs
439,0,1,"Fortune, Mr. Mark",Male,64.0,1,4,19950,65.63,C23 C25 C27,S,1,Mr
440,0,2,"Kvillner, Mr. Johan Henrik Johannesson",Male,31.0,0,0,C.A. 18723,10.5,Unknown,S,0,Mr
441,1,2,"Hart, Mrs. Benjamin (Esther Ada Bloomfield)",Female,45.0,1,1,F.C.C. 13529,26.25,Unknown,S,0,Mrs
442,0,3,"Hampe, Mr. Leon",Male,20.0,0,0,345769,9.5,Unknown,S,0,Mr
443,0,3,"Petterson, Mr. Johan Emil",Male,25.0,1,0,347076,7.78,Unknown,S,0,Mr
444,1,2,"Reynaldo, Ms. Encarnacion",Female,28.0,0,0,230434,13.0,Unknown,S,0,Miss
445,1,3,"Johannesen-Bratthammer, Mr. Bernt",Male,25.0,0,0,65306,8.11,Unknown,S,0,Mr
446,1,1,"Dodge, Master. Washington",Male,4.0,0,2,33638,65.63,A34,S,1,Master
447,1,2,"Mellinger, Miss. Madeleine Violet",Female,13.0,0,1,250644,19.5,Unknown,S,0,Miss
448,1,1,"Seward, Mr. Frederic Kimber",Male,34.0,0,0,113794,26.55,Unknown,S,0,Mr
449,1,3,"Baclini, Miss. Marie Catherine",Female,5.0,2,1,2666,19.26,Unknown,C,0,Miss
450,1,1,"Peuchen, Major. Arthur Godfrey",Male,52.0,0,0,113786,30.5,C104,S,1,Rare
451,0,2,"West, Mr. Edwy Arthur",Male,36.0,1,2,C.A. 34651,27.75,Unknown,S,0,Mr
452,0,3,"Hagland, Mr. Ingvald Olai Olsen",Male,25.0,1,0,65303,19.97,Unknown,S,0,Mr
453,0,1,"Foreman, Mr. Benjamin Laventall",Male,30.0,0,0,113051,27.75,C111,C,1,Mr
454,1,1,"Goldenberg, Mr. Samuel L",Male,49.0,1,0,17453,65.63,C92,C,1,Mr
455,0,3,"Peduzzi, Mr. Joseph",Male,25.0,0,0,A/5 2817,8.05,Unknown,S,0,Mr
456,1,3,"Jalsevac, Mr. Ivan",Male,29.0,0,0,349240,7.9,Unknown,C,0,Mr
457,0,1,"Millet, Mr. Francis Davis",Male,65.0,0,0,13509,26.55,E38,S,1,Mr
458,1,1,"Kenyon, Mrs. Frederick R (Marion)",Female,35.0,1,0,17464,51.86,D21,S,1,Mrs
459,1,2,"Toomey, Miss. Ellen",Female,50.0,0,0,F.C.C. 13531,10.5,Unknown,S,0,Miss
460,0,3,"O'Connor, Mr. Maurice",Male,25.0,0,0,371060,7.75,Unknown,Q,0,Mr
461,1,1,"Anderson, Mr. Harry",Male,48.0,0,0,19952,26.55,E12,S,1,Mr
462,0,3,"Morley, Mr. William",Male,34.0,0,0,364506,8.05,Unknown,S,0,Mr
463,0,1,"Gee, Mr. Arthur H",Male,47.0,0,0,111320,38.5,E63,S,1,Mr
464,0,2,"Milling, Mr. Jacob Christian",Male,48.0,0,0,234360,13.0,Unknown,S,0,Mr
465,0,3,"Maisner, Mr. Simon",Male,25.0,0,0,A/S 2816,8.05,Unknown,S,0,Mr
466,0,3,"Goncalves, Mr. Manuel Estanslas",Male,38.0,0,0,SOTON/O.Q. 3101306,7.05,Unknown,S,0,Mr
467,0,2,"Campbell, Mr. William",Male,30.0,0,0,239853,0.0,Unknown,S,0,Mr
468,0,1,"Smart, Mr. John Montgomery",Male,56.0,0,0,113792,26.55,Unknown,S,0,Mr
469,0,3,"Scanlan, Mr. James",Male,25.0,0,0,36209,7.72,Unknown,Q,0,Mr
470,1,3,"Baclini, Miss. Helene Barbara",Female,0.8,2,1,2666,19.26,Unknown,C,0,Miss
471,0,3,"Keefe, Mr. Arthur",Male,25.0,0,0,323592,7.25,Unknown,S,0,Mr
472,0,3,"Cacic, Mr. Luka",Male,38.0,0,0,315089,8.66,Unknown,S,0,Mr
473,1,2,"West, Mrs. Edwy Arthur (Ada Mary Worth)",Female,33.0,1,2,C.A. 34651,27.75,Unknown,S,0,Mrs
474,1,2,"Jerwan, Mrs. Amin S (Marie Marthe Thuillard)",Female,23.0,0,0,SC/AH Basle 541,13.79,D,C,1,Mrs
475,0,3,"Strandberg, Miss. Ida Sofia",Female,22.0,0,0,7553,9.84,Unknown,S,0,Miss
476,0,1,"Clifford, Mr. George Quincy",Male,40.0,0,0,110465,52.0,A14,S,1,Mr
477,0,2,"Renouf, Mr. Peter Henry",Male,34.0,1,0,31027,21.0,Unknown,S,0,Mr
478,0,3,"Braund, Mr. Lewis Richard",Male,29.0,1,0,3460,7.05,Unknown,S,0,Mr
479,0,3,"Karlsson, Mr. Nils August",Male,22.0,0,0,350060,7.52,Unknown,S,0,Mr
480,1,3,"Hirvonen, Miss. Hildur E",Female,2.0,0,1,3101298,12.29,Unknown,S,0,Miss
481,0,3,"Goodwin, Master. Harold Victor",Male,9.0,5,2,CA 2144,46.9,Unknown,S,0,Master
482,0,2,"Frost, Mr. Anthony Wood ""Archie""",Male,30.0,0,0,239854,0.0,Unknown,S,0,Mr
483,0,3,"Rouse, Mr. Richard Henry",Male,50.0,0,0,A/5 3594,8.05,Unknown,S,0,Mr
484,1,3,"Turkula, Mrs. (Hedwig)",Female,63.0,0,0,4134,9.59,Unknown,S,0,Mrs
485,1,1,"Bishop, Mr. Dickinson H",Male,25.0,1,0,11967,65.63,B49,C,1,Mr
486,0,3,"Lefebre, Miss. Jeannie",Female,21.5,3,1,4133,25.47,Unknown,S,0,Miss
487,1,1,"Hoyt, Mrs. Frederick Maxfield (Jane Anne Forby)",Female,35.0,1,0,19943,65.63,C93,S,1,Mrs
488,0,1,"Kent, Mr. Edward Austin",Male,58.0,0,0,11771,29.7,B37,C,1,Mr
489,0,3,"Somerton, Mr. Francis William",Male,30.0,0,0,A.5. 18509,8.05,Unknown,S,0,Mr
490,1,3,"Coutts, Master. Eden Leslie ""Neville""",Male,9.0,1,1,C.A. 37671,15.9,Unknown,S,0,Master
491,0,3,"Hagland, Mr. Konrad Mathias Reiersen",Male,25.0,1,0,65304,19.97,Unknown,S,0,Mr
492,0,3,"Windelov, Mr. Einar",Male,21.0,0,0,SOTON/OQ 3101317,7.25,Unknown,S,0,Mr
493,0,1,"Molson, Mr. Harry Markland",Male,55.0,0,0,113787,30.5,C30,S,1,Mr
494,0,1,"Artagaveytia, Mr. Ramon",Male,71.0,0,0,PC 17609,49.5,Unknown,C,0,Mr
495,0,3,"Stanley, Mr. Edward Roland",Male,21.0,0,0,A/4 45380,8.05,Unknown,S,0,Mr
496,0,3,"Yousseff, Mr. Gerious",Male,25.0,0,0,2627,14.46,Unknown,C,0,Mr
497,1,1,"Eustis, Miss. Elizabeth Mussey",Female,54.0,1,0,36947,65.63,D20,C,1,Miss
498,0,3,"Shellard, Mr. Frederick William",Male,25.0,0,0,C.A. 6212,15.1,Unknown,S,0,Mr
499,0,1,"Allison, Mrs. Hudson J C (Bessie Waldo Daniels)",Female,25.0,1,2,113781,65.63,C22 C26,S,1,Mrs
500,0,3,"Svensson, Mr. Olof",Male,24.0,0,0,350035,7.8,Unknown,S,0,Mr
501,0,3,"Calic, Mr. Petar",Male,17.0,0,0,315086,8.66,Unknown,S,0,Mr
502,0,3,"Canavan, Miss. Mary",Female,21.0,0,0,364846,7.75,Unknown,Q,0,Miss
503,0,3,"O'Sullivan, Miss. Bridget Mary",Female,21.5,0,0,330909,7.63,Unknown,Q,0,Miss
504,0,3,"Laitinen, Miss. Kristina Sofia",Female,37.0,0,0,4135,9.59,Unknown,S,0,Miss
505,1,1,"Maioni, Miss. Roberta",Female,16.0,0,0,110152,65.63,B79,S,1,Miss
506,0,1,"Penasco y Castellana, Mr. Victor de Satode",Male,18.0,1,0,PC 17758,65.63,C65,C,1,Mr
507,1,2,"Quick, Mrs. Frederick Charles (Jane Richards)",Female,33.0,0,2,26360,26.0,Unknown,S,0,Mrs
508,1,1,"Bradley, Mr. George (""George Arthur Brayton"")",Male,40.0,0,0,111427,26.55,Unknown,S,0,Mr
509,0,3,"Olsen, Mr. Henry Margido",Male,28.0,0,0,C 4001,22.52,Unknown,S,0,Mr
510,1,3,"Lang, Mr. Fang",Male,26.0,0,0,1601,56.5,Unknown,S,0,Mr
511,1,3,"Daly, Mr. Eugene Patrick",Male,29.0,0,0,382651,7.75,Unknown,Q,0,Mr
512,0,3,"Webber, Mr. James",Male,25.0,0,0,SOTON/OQ 3101316,8.05,Unknown,S,0,Mr
513,1,1,"McGough, Mr. James Robert",Male,36.0,0,0,PC 17473,26.29,E25,S,1,Mr
514,1,1,"Rothschild, Mrs. Martin (Elizabeth L. Barrett)",Female,54.0,1,0,PC 17603,59.4,Unknown,C,0,Mrs
515,0,3,"Coleff, Mr. Satio",Male,24.0,0,0,349209,7.5,Unknown,S,0,Mr
516,0,1,"Walker, Mr. William Anderson",Male,47.0,0,0,36967,34.02,D46,S,1,Mr
517,1,2,"Lemore, Mrs. (Amelia Milley)",Female,34.0,0,0,C.A. 34260,10.5,F33,S,1,Mrs
518,0,3,"Ryan, Mr. Patrick",Male,25.0,0,0,371110,24.15,Unknown,Q,0,Mr
519,1,2,"Angle, Mrs. William A (Florence ""Mary"" Agnes Hughes)",Female,36.0,1,0,226875,26.0,Unknown,S,0,Mrs
520,0,3,"Pavlovic, Mr. Stefo",Male,32.0,0,0,349242,7.9,Unknown,S,0,Mr
521,1,1,"Perreault, Miss. Anne",Female,30.0,0,0,12749,65.63,B73,S,1,Miss
522,0,3,"Vovk, Mr. Janko",Male,22.0,0,0,349252,7.9,Unknown,S,0,Mr
523,0,3,"Lahoud, Mr. Sarkis",Male,25.0,0,0,2624,7.22,Unknown,C,0,Mr
524,1,1,"Hippach, Mrs. Louis Albert (Ida Sophia Fischer)",Female,44.0,0,1,111361,57.98,B18,C,1,Mrs
525,0,3,"Kassem, Mr. Fared",Male,25.0,0,0,2700,7.23,Unknown,C,0,Mr
526,0,3,"Farrell, Mr. James",Male,40.5,0,0,367232,7.75,Unknown,Q,0,Mr
527,1,2,"Ridsdale, Miss. Lucy",Female,50.0,0,0,W./C. 14258,10.5,Unknown,S,0,Miss
528,0,1,"Farthing, Mr. John",Male,40.0,0,0,PC 17483,65.63,C95,S,1,Mr
529,0,3,"Salonen, Mr. Johan Werner",Male,39.0,0,0,3101296,7.92,Unknown,S,0,Mr
530,0,2,"Hocking, Mr. Richard George",Male,23.0,2,1,29104,11.5,Unknown,S,0,Mr
531,1,2,"Quick, Miss. Phyllis May",Female,2.0,1,1,26360,26.0,Unknown,S,0,Miss
532,0,3,"Toufik, Mr. Nakli",Male,25.0,0,0,2641,7.23,Unknown,C,0,Mr
533,0,3,"Elias, Mr. Joseph Jr",Male,17.0,1,1,2690,7.23,Unknown,C,0,Mr
534,1,3,"Peter, Mrs. Catherine (Catherine Rizk)",Female,21.5,0,2,2668,22.36,Unknown,C,0,Mrs
535,0,3,"Cacic, Miss. Marija",Female,30.0,0,0,315084,8.66,Unknown,S,0,Miss
536,1,2,"Hart, Miss. Eva Miriam",Female,7.0,0,2,F.C.C. 13529,26.25,Unknown,S,0,Miss
537,0,1,"Butt, Major. Archibald Willingham",Male,45.0,0,0,113050,26.55,B38,S,1,Rare
538,1,1,"LeRoy, Miss. Bertha",Female,30.0,0,0,PC 17761,65.63,Unknown,C,0,Miss
539,0,3,"Risien, Mr. Samuel Beard",Male,25.0,0,0,364498,14.5,Unknown,S,0,Mr
540,1,1,"Frolicher, Miss. Hedwig Margaritha",Female,22.0,0,2,13568,49.5,B39,C,1,Miss
541,1,1,"Crosby, Miss. Harriet R",Female,36.0,0,2,WE/P 5735,65.63,B22,S,1,Miss
542,0,3,"Andersson, Miss. Ingeborg Constanzia",Female,9.0,4,2,347082,31.28,Unknown,S,0,Miss
543,0,3,"Andersson, Miss. Sigrid Elisabeth",Female,11.0,4,2,347082,31.28,Unknown,S,0,Miss
544,1,2,"Beane, Mr. Edward",Male,32.0,1,0,2908,26.0,Unknown,S,0,Mr
545,0,1,"Douglas, Mr. Walter Donald",Male,50.0,1,0,PC 17761,65.63,C86,C,1,Mr
546,0,1,"Nicholson, Mr. Arthur Ernest",Male,64.0,0,0,693,26.0,Unknown,S,0,Mr
547,1,2,"Beane, Mrs. Edward (Ethel Clarke)",Female,19.0,1,0,2908,26.0,Unknown,S,0,Mrs
548,1,2,"Padro y Manent, Mr. Julian",Male,30.0,0,0,SC/PARIS 2146,13.86,Unknown,C,0,Mr
549,0,3,"Goldsmith, Mr. Frank John",Male,33.0,1,1,363291,20.52,Unknown,S,0,Mr
550,1,2,"Davies, Master. John Morgan Jr",Male,8.0,1,1,C.A. 33112,36.75,Unknown,S,0,Master
551,1,1,"Thayer, Mr. John Borland Jr",Male,17.0,0,2,17421,65.63,C70,C,1,Mr
552,0,2,"Sharp, Mr. Percival James R",Male,27.0,0,0,244358,26.0,Unknown,S,0,Mr
553,0,3,"O'Brien, Mr. Timothy",Male,25.0,0,0,330979,7.83,Unknown,Q,0,Mr
554,1,3,"Leeni, Mr. Fahim (""Philip Zenni"")",Male,22.0,0,0,2620,7.22,Unknown,C,0,Mr
555,1,3,"Ohman, Miss. Velin",Female,22.0,0,0,347085,7.78,Unknown,S,0,Miss
556,0,1,"Wright, Mr. George",Male,62.0,0,0,113807,26.55,Unknown,S,0,Mr
557,1,1,"Duff Gordon, Lady. (Lucille Christiana Sutherland) (""Mrs Morgan"")",Female,48.0,1,0,11755,39.6,A16,C,1,Rare
558,0,1,"Robbins, Mr. Victor",Male,40.0,0,0,PC 17757,65.63,Unknown,C,0,Mr
559,1,1,"Taussig, Mrs. Emil (Tillie Mandelbaum)",Female,39.0,1,1,110413,65.63,E67,S,1,Mrs
560,1,3,"de Messemaeker, Mrs. Guillaume Joseph (Emma)",Female,36.0,1,0,345572,17.4,Unknown,S,0,Mrs
561,0,3,"Morrow, Mr. Thomas Rowan",Male,25.0,0,0,372622,7.75,Unknown,Q,0,Mr
562,0,3,"Sivic, Mr. Husein",Male,40.0,0,0,349251,7.9,Unknown,S,0,Mr
563,0,2,"Norman, Mr. Robert Douglas",Male,28.0,0,0,218629,13.5,Unknown,S,0,Mr
564,0,3,"Simmons, Mr. John",Male,25.0,0,0,SOTON/OQ 392082,8.05,Unknown,S,0,Mr
565,0,3,"Meanwell, Miss. (Marion Ogden)",Female,21.5,0,0,SOTON/O.Q. 392087,8.05,Unknown,S,0,Miss
566,0,3,"Davies, Mr. Alfred J",Male,24.0,2,0,A/4 48871,24.15,Unknown,S,0,Mr
567,0,3,"Stoytcheff, Mr. Ilia",Male,19.0,0,0,349205,7.9,Unknown,S,0,Mr
568,0,3,"Palsson, Mrs. Nils (Alma Cornelia Berglund)",Female,29.0,0,4,349909,21.08,Unknown,S,0,Mrs
569,0,3,"Doharr, Mr. Tannous",Male,25.0,0,0,2686,7.23,Unknown,C,0,Mr
570,1,3,"Jonsson, Mr. Carl",Male,32.0,0,0,350417,7.85,Unknown,S,0,Mr
571,1,2,"Harris, Mr. George",Male,62.0,0,0,S.W./PP 752,10.5,Unknown,S,0,Mr
572,1,1,"Appleton, Mrs. Edward Dale (Charlotte Lamson)",Female,53.0,2,0,11769,51.48,C101,S,1,Mrs
573,1,1,"Flynn, Mr. John Irwin (""Irving"")",Male,36.0,0,0,PC 17474,26.39,E25,S,1,Mr
574,1,3,"Kelly, Miss. Mary",Female,21.5,0,0,14312,7.75,Unknown,Q,0,Miss
575,0,3,"Rush, Mr. Alfred George John",Male,16.0,0,0,A/4. 20589,8.05,Unknown,S,0,Mr
576,0,3,"Patchett, Mr. George",Male,19.0,0,0,358585,14.5,Unknown,S,0,Mr
577,1,2,"Garside, Miss. Ethel",Female,34.0,0,0,243880,13.0,Unknown,S,0,Miss
578,1,1,"Silvey, Mrs. William Baird (Alice Munger)",Female,39.0,1,0,13507,55.9,E44,S,1,Mrs
579,0,3,"Caram, Mrs. Joseph (Maria Elias)",Female,21.5,1,0,2689,14.46,Unknown,C,0,Mrs
580,1,3,"Jussila, Mr. Eiriik",Male,32.0,0,0,STON/O 2. 3101286,7.92,Unknown,S,0,Mr
581,1,2,"Christy, Miss. Julie Rachel",Female,25.0,1,1,237789,30.0,Unknown,S,0,Miss
582,1,1,"Thayer, Mrs. John Borland (Marian Longstreth Morris)",Female,39.0,1,1,17421,65.63,C68,C,1,Mrs
583,0,2,"Downton, Mr. William James",Male,54.0,0,0,28403,26.0,Unknown,S,0,Mr
584,0,1,"Ross, Mr. John Hugo",Male,36.0,0,0,13049,40.12,A10,C,1,Mr
585,0,3,"Paulner, Mr. Uscher",Male,25.0,0,0,3411,8.71,Unknown,C,0,Mr
586,1,1,"Taussig, Miss. Ruth",Female,18.0,0,2,110413,65.63,E68,S,1,Miss
587,0,2,"Jarvis, Mr. John Denzil",Male,47.0,0,0,237565,15.0,Unknown,S,0,Mr
588,1,1,"Frolicher-Stehli, Mr. Maxmillian",Male,60.0,1,1,13567,65.63,B41,C,1,Mr
589,0,3,"Gilinski, Mr. Eliezer",Male,22.0,0,0,14973,8.05,Unknown,S,0,Mr
590,0,3,"Murdlin, Mr. Joseph",Male,25.0,0,0,A./5. 3235,8.05,Unknown,S,0,Mr
591,0,3,"Rintamaki, Mr. Matti",Male,35.0,0,0,STON/O 2. 3101273,7.12,Unknown,S,0,Mr
592,1,1,"Stephenson, Mrs. Walter Bertram (Martha Eustis)",Female,52.0,1,0,36947,65.63,D20,C,1,Mrs
593,0,3,"Elsbury, Mr. William James",Male,47.0,0,0,A/5 3902,7.25,Unknown,S,0,Mr
594,0,3,"Bourke, Miss. Mary",Female,21.5,0,2,364848,7.75,Unknown,Q,0,Miss
595,0,2,"Chapman, Mr. John Henry",Male,37.0,1,0,SC/AH 29037,26.0,Unknown,S,0,Mr
596,0,3,"Van Impe, Mr. Jean Baptiste",Male,36.0,1,1,345773,24.15,Unknown,S,0,Mr
597,1,2,"Leitch, Miss. Jessie Wills",Female,28.0,0,0,248727,33.0,Unknown,S,0,Miss
598,0,3,"Johnson, Mr. Alfred",Male,49.0,0,0,LINE,0.0,Unknown,S,0,Mr
599,0,3,"Boulos, Mr. Hanna",Male,25.0,0,0,2664,7.22,Unknown,C,0,Mr
600,1,1,"Duff Gordon, Sir. Cosmo Edmund (""Mr Morgan"")",Male,49.0,1,0,PC 17485,56.93,A20,C,1,Rare
601,1,2,"Jacobsohn, Mrs. Sidney Samuel (Amy Frances Christy)",Female,24.0,2,1,243847,27.0,Unknown,S,0,Mrs
602,0,3,"Slabenoff, Mr. Petco",Male,25.0,0,0,349214,7.9,Unknown,S,0,Mr
603,0,1,"Harrington, Mr. Charles H",Male,40.0,0,0,113796,42.4,Unknown,S,0,Mr
604,0,3,"Torber, Mr. Ernst William",Male,44.0,0,0,364511,8.05,Unknown,S,0,Mr
605,1,1,"Homer, Mr. Harry (""Mr E Haven"")",Male,35.0,0,0,111426,26.55,Unknown,C,0,Mr
606,0,3,"Lindell, Mr. Edvard Bengtsson",Male,36.0,1,0,349910,15.55,Unknown,S,0,Mr
607,0,3,"Karaic, Mr. Milan",Male,30.0,0,0,349246,7.9,Unknown,S,0,Mr
608,1,1,"Daniel, Mr. Robert Williams",Male,27.0,0,0,113804,30.5,Unknown,S,0,Mr
609,1,2,"Laroche, Mrs. Joseph (Juliette Marie Louise Lafargue)",Female,22.0,1,2,SC/Paris 2123,41.58,Unknown,C,0,Mrs
610,1,1,"Shutes, Miss. Elizabeth W",Female,40.0,0,0,PC 17582,65.63,C125,S,1,Miss
611,0,3,"Andersson, Mrs. Anders Johan (Alfrida Konstantia Brogren)",Female,39.0,1,5,347082,31.28,Unknown,S,0,Mrs
612,0,3,"Jardin, Mr. Jose Neto",Male,25.0,0,0,SOTON/O.Q. 3101305,7.05,Unknown,S,0,Mr
613,1,3,"Murphy, Miss. Margaret Jane",Female,21.5,1,0,367230,15.5,Unknown,Q,0,Miss
614,0,3,"Horgan, Mr. John",Male,25.0,0,0,370377,7.75,Unknown,Q,0,Mr
615,0,3,"Brocklebank, Mr. William Alfred",Male,35.0,0,0,364512,8.05,Unknown,S,0,Mr
616,1,2,"Herman, Miss. Alice",Female,24.0,1,2,220845,65.0,Unknown,S,0,Miss
617,0,3,"Danbom, Mr. Ernst Gilbert",Male,34.0,1,1,347080,14.4,Unknown,S,0,Mr
618,0,3,"Lobb, Mrs. William Arthur (Cordelia K Stanlick)",Female,26.0,1,0,A/5. 3336,16.1,Unknown,S,0,Mrs
619,1,2,"Becker, Miss. Marion Louise",Female,4.0,2,1,230136,39.0,F4,S,1,Miss
620,0,2,"Gavey, Mr. Lawrence",Male,26.0,0,0,31028,10.5,Unknown,S,0,Mr
621,0,3,"Yasbeck, Mr. Antoni",Male,27.0,1,0,2659,14.45,Unknown,C,0,Mr
622,1,1,"Kimball, Mr. Edwin Nelson Jr",Male,42.0,1,0,11753,52.55,D19,S,1,Mr
623,1,3,"Nakid, Mr. Sahid",Male,20.0,1,1,2653,15.74,Unknown,C,0,Mr
624,0,3,"Hansen, Mr. Henry Damsgaard",Male,21.0,0,0,350029,7.85,Unknown,S,0,Mr
625,0,3,"Bowen, Mr. David John ""Dai""",Male,21.0,0,0,54636,16.1,Unknown,S,0,Mr
626,0,1,"Sutton, Mr. Frederick",Male,61.0,0,0,36963,32.32,D50,S,1,Mr
627,0,2,"Kirkland, Rev. Charles Leonard",Male,57.0,0,0,219533,12.35,Unknown,Q,0,Rare
628,1,1,"Longley, Miss. Gretchen Fiske",Female,21.0,0,0,13502,65.63,D9,S,1,Miss
629,0,3,"Bostandyeff, Mr. Guentcho",Male,26.0,0,0,349224,7.9,Unknown,S,0,Mr
630,0,3,"O'Connell, Mr. Patrick D",Male,25.0,0,0,334912,7.73,Unknown,Q,0,Mr
631,1,1,"Barkworth, Mr. Algernon Henry Wilson",Male,80.0,0,0,27042,30.0,A23,S,1,Mr
632,0,3,"Lundahl, Mr. Johan Svensson",Male,51.0,0,0,347743,7.05,Unknown,S,0,Mr
633,1,1,"Stahelin-Maeglin, Dr. Max",Male,32.0,0,0,13214,30.5,B50,C,1,Rare
634,0,1,"Parr, Mr. William Henry Marsh",Male,40.0,0,0,112052,0.0,Unknown,S,0,Mr
635,0,3,"Skoog, Miss. Mabel",Female,9.0,3,2,347088,27.9,Unknown,S,0,Miss
636,1,2,"Davis, Miss. Mary",Female,28.0,0,0,237668,13.0,Unknown,S,0,Miss
637,0,3,"Leinonen, Mr. Antti Gustaf",Male,32.0,0,0,STON/O 2. 3101292,7.92,Unknown,S,0,Mr
638,0,2,"Collyer, Mr. Harvey",Male,31.0,1,1,C.A. 31921,26.25,Unknown,S,0,Mr
639,0,3,"Panula, Mrs. Juha (Maria Emilia Ojala)",Female,41.0,0,5,3101295,39.69,Unknown,S,0,Mrs
640,0,3,"Thorneycroft, Mr. Percival",Male,25.0,1,0,376564,16.1,Unknown,S,0,Mr
641,0,3,"Jensen, Mr. Hans Peder",Male,20.0,0,0,350050,7.85,Unknown,S,0,Mr
642,1,1,"Sagesser, Mlle. Emma",Female,24.0,0,0,PC 17477,65.63,B35,C,1,Miss
643,0,3,"Skoog, Miss. Margit Elizabeth",Female,2.0,3,2,347088,27.9,Unknown,S,0,Miss
644,1,3,"Foo, Mr. Choong",Male,25.0,0,0,1601,56.5,Unknown,S,0,Mr
645,1,3,"Baclini, Miss. Eugenie",Female,0.8,2,1,2666,19.26,Unknown,C,0,Miss
646,1,1,"Harper, Mr. Henry Sleeper",Male,48.0,1,0,PC 17572,65.63,D33,C,1,Mr
647,0,3,"Cor, Mr. Liudevit",Male,19.0,0,0,349231,7.9,Unknown,S,0,Mr
648,1,1,"Simonius-Blumer, Col. Oberst Alfons",Male,56.0,0,0,13213,35.5,A26,C,1,Rare
649,0,3,"Willey, Mr. Edward",Male,25.0,0,0,S.O./P.P. 751,7.55,Unknown,S,0,Mr
650,1,3,"Stanley, Miss. Amy Zillah Elsie",Female,23.0,0,0,CA. 2314,7.55,Unknown,S,0,Miss
651,0,3,"Mitkoff, Mr. Mito",Male,25.0,0,0,349221,7.9,Unknown,S,0,Mr
652,1,2,"Doling, Miss. Elsie",Female,18.0,0,1,231919,23.0,Unknown,S,0,Miss
653,0,3,"Kalvik, Mr. Johannes Halvorsen",Male,21.0,0,0,8475,8.43,Unknown,S,0,Mr
654,1,3,"O'Leary, Miss. Hanora ""Norah""",Female,21.5,0,0,330919,7.83,Unknown,Q,0,Miss
655,0,3,"Hegarty, Miss. Hanora ""Nora""",Female,18.0,0,0,365226,6.75,Unknown,Q,0,Miss
656,0,2,"Hickman, Mr. Leonard Mark",Male,24.0,2,0,S.O.C. 14879,65.63,Unknown,S,0,Mr
657,0,3,"Radeff, Mr. Alexander",Male,25.0,0,0,349223,7.9,Unknown,S,0,Mr
658,0,3,"Bourke, Mrs. John (Catherine)",Female,32.0,1,1,364849,15.5,Unknown,Q,0,Mrs
659,0,2,"Eitemiller, Mr. George Floyd",Male,23.0,0,0,29751,13.0,Unknown,S,0,Mr
660,0,1,"Newell, Mr. Arthur Webster",Male,58.0,0,2,35273,65.63,D48,C,1,Mr
661,1,1,"Frauenthal, Dr. Henry William",Male,50.0,2,0,PC 17611,65.63,Unknown,S,0,Rare
662,0,3,"Badt, Mr. Mohamed",Male,40.0,0,0,2623,7.22,Unknown,C,0,Mr
663,0,1,"Colley, Mr. Edward Pomeroy",Male,47.0,0,0,5727,25.59,E58,S,1,Mr
664,0,3,"Coleff, Mr. Peju",Male,36.0,0,0,349210,7.5,Unknown,S,0,Mr
665,1,3,"Lindqvist, Mr. Eino William",Male,20.0,1,0,STON/O 2. 3101285,7.92,Unknown,S,0,Mr
666,0,2,"Hickman, Mr. Lewis",Male,32.0,2,0,S.O.C. 14879,65.63,Unknown,S,0,Mr
667,0,2,"Butler, Mr. Reginald Fenton",Male,25.0,0,0,234686,13.0,Unknown,S,0,Mr
668,0,3,"Rommetvedt, Mr. Knud Paust",Male,25.0,0,0,312993,7.78,Unknown,S,0,Mr
669,0,3,"Cook, Mr. Jacob",Male,43.0,0,0,A/5 3536,8.05,Unknown,S,0,Mr
670,1,1,"Taylor, Mrs. Elmer Zebley (Juliet Cummins Wright)",Female,35.0,1,0,19996,52.0,C126,S,1,Mrs
671,1,2,"Brown, Mrs. Thomas William Solomon (Elizabeth Catherine Ford)",Female,40.0,1,1,29750,39.0,Unknown,S,0,Mrs
672,0,1,"Davidson, Mr. Thornton",Male,31.0,1,0,F.C. 12750,52.0,B71,S,1,Mr
673,0,2,"Mitchell, Mr. Henry Michael",Male,70.0,0,0,C.A. 24580,10.5,Unknown,S,0,Mr
674,1,2,"Wilhelms, Mr. Charles",Male,31.0,0,0,244270,13.0,Unknown,S,0,Mr
675,0,2,"Watson, Mr. Ennis Hastings",Male,30.0,0,0,239856,0.0,Unknown,S,0,Mr
676,0,3,"Edvardsson, Mr. Gustaf Hjalmar",Male,18.0,0,0,349912,7.78,Unknown,S,0,Mr
677,0,3,"Sawyer, Mr. Frederick Charles",Male,24.5,0,0,342826,8.05,Unknown,S,0,Mr
678,1,3,"Turja, Miss. Anna Sofia",Female,18.0,0,0,4138,9.84,Unknown,S,0,Miss
679,0,3,"Goodwin, Mrs. Frederick (Augusta Tyler)",Female,43.0,1,6,CA 2144,46.9,Unknown,S,0,Mrs
680,1,1,"Cardeza, Mr. Thomas Drake Martinez",Male,36.0,0,1,PC 17755,65.63,B51 B53 B55,C,1,Mr
681,0,3,"Peters, Miss. Katie",Female,21.5,0,0,330935,8.14,Unknown,Q,0,Miss
682,1,1,"Hassab, Mr. Hammad",Male,27.0,0,0,PC 17572,65.63,D49,C,1,Mr
683,0,3,"Olsvigen, Mr. Thor Anderson",Male,20.0,0,0,6563,9.22,Unknown,S,0,Mr
684,0,3,"Goodwin, Mr. Charles Edward",Male,14.0,5,2,CA 2144,46.9,Unknown,S,0,Mr
685,0,2,"Brown, Mr. Thomas William Solomon",Male,60.0,1,1,29750,39.0,Unknown,S,0,Mr
686,0,2,"Laroche, Mr. Joseph Philippe Lemercier",Male,25.0,1,2,SC/Paris 2123,41.58,Unknown,C,0,Mr
687,0,3,"Panula, Mr. Jaako Arnold",Male,14.0,4,1,3101295,39.69,Unknown,S,0,Mr
688,0,3,"Dakic, Mr. Branko",Male,19.0,0,0,349228,10.17,Unknown,S,0,Mr
689,0,3,"Fischer, Mr. Eberhard Thelander",Male,18.0,0,0,350036,7.8,Unknown,S,0,Mr
690,1,1,"Madill, Miss. Georgette Alexandra",Female,15.0,0,1,24160,65.63,B5,S,1,Miss
691,1,1,"Dick, Mr. Albert Adrian",Male,31.0,1,0,17474,57.0,B20,S,1,Mr
692,1,3,"Karun, Miss. Manca",Female,4.0,0,1,349256,13.42,Unknown,C,0,Miss
693,1,3,"Lam, Mr. Ali",Male,25.0,0,0,1601,56.5,Unknown,S,0,Mr
694,0,3,"Saad, Mr. Khalil",Male,25.0,0,0,2672,7.22,Unknown,C,0,Mr
695,0,1,"Weir, Col. John",Male,60.0,0,0,113800,26.55,Unknown,S,0,Rare
696,0,2,"Chapman, Mr. Charles Henry",Male,52.0,0,0,248731,13.5,Unknown,S,0,Mr
697,0,3,"Kelly, Mr. James",Male,44.0,0,0,363592,8.05,Unknown,S,0,Mr
698,1,3,"Mullens, Miss. Katherine ""Katie""",Female,21.5,0,0,35852,7.73,Unknown,Q,0,Miss
699,0,1,"Thayer, Mr. John Borland",Male,49.0,1,1,17421,65.63,C68,C,1,Mr
700,0,3,"Humblen, Mr. Adolf Mathias Nicolai Olsen",Male,42.0,0,0,348121,7.65,F G63,S,1,Mr
701,1,1,"Astor, Mrs. John Jacob (Madeleine Talmadge Force)",Female,18.0,1,0,PC 17757,65.63,C62 C64,C,1,Mrs
702,1,1,"Silverthorne, Mr. Spencer Victor",Male,35.0,0,0,PC 17475,26.29,E24,S,1,Mr
703,0,3,"Barbara, Miss. Saiide",Female,18.0,0,1,2691,14.45,Unknown,C,0,Miss
704,0,3,"Gallagher, Mr. Martin",Male,25.0,0,0,36864,7.74,Unknown,Q,0,Mr
705,0,3,"Hansen, Mr. Henrik Juul",Male,26.0,1,0,350025,7.85,Unknown,S,0,Mr
706,0,2,"Morley, Mr. Henry Samuel (""Mr Henry Marshall"")",Male,39.0,0,0,250655,26.0,Unknown,S,0,Mr
707,1,2,"Kelly, Mrs. Florence ""Fannie""",Female,45.0,0,0,223596,13.5,Unknown,S,0,Mrs
708,1,1,"Calderhead, Mr. Edward Pennington",Male,42.0,0,0,PC 17476,26.29,E24,S,1,Mr
709,1,1,"Cleaver, Miss. Alice",Female,22.0,0,0,113781,65.63,Unknown,S,0,Miss
710,1,3,"Moubarek, Master. Halim Gonios (""William George"")",Male,25.0,1,1,2661,15.25,Unknown,C,0,Master
711,1,1,"Mayne, Mlle. Berthe Antonine (""Mrs de Villiers"")",Female,24.0,0,0,PC 17482,49.5,C90,C,1,Miss
712,0,1,"Klaber, Mr. Herman",Male,40.0,0,0,113028,26.55,C124,S,1,Mr
713,1,1,"Taylor, Mr. Elmer Zebley",Male,48.0,1,0,19996,52.0,C126,S,1,Mr
714,0,3,"Larsson, Mr. August Viktor",Male,29.0,0,0,7545,9.48,Unknown,S,0,Mr
715,0,2,"Greenberg, Mr. Samuel",Male,52.0,0,0,250647,13.0,Unknown,S,0,Mr
716,0,3,"Soholt, Mr. Peter Andreas Lauritz Andersen",Male,19.0,0,0,348124,7.65,F G73,S,1,Mr
717,1,1,"Endres, Miss. Caroline Louise",Female,38.0,0,0,PC 17757,65.63,C45,C,1,Miss
718,1,2,"Troutt, Miss. Edwina Celia ""Winnie""",Female,27.0,0,0,34218,10.5,E101,S,1,Miss
719,0,3,"McEvoy, Mr. Michael",Male,25.0,0,0,36568,15.5,Unknown,Q,0,Mr
720,0,3,"Johnson, Mr. Malkolm Joackim",Male,33.0,0,0,347062,7.78,Unknown,S,0,Mr
721,1,2,"Harper, Miss. Annie Jessie ""Nina""",Female,6.0,0,1,248727,33.0,Unknown,S,0,Miss
722,0,3,"Jensen, Mr. Svend Lauritz",Male,17.0,1,0,350048,7.05,Unknown,S,0,Mr
723,0,2,"Gillespie, Mr. William Henry",Male,34.0,0,0,12233,13.0,Unknown,S,0,Mr
724,0,2,"Hodges, Mr. Henry Price",Male,50.0,0,0,250643,13.0,Unknown,S,0,Mr
725,1,1,"Chambers, Mr. Norman Campbell",Male,27.0,1,0,113806,53.1,E8,S,1,Mr
726,0,3,"Oreskovic, Mr. Luka",Male,20.0,0,0,315094,8.66,Unknown,S,0,Mr
727,1,2,"Renouf, Mrs. Peter Henry (Lillian Jefferys)",Female,30.0,3,0,31027,21.0,Unknown,S,0,Mrs
728,1,3,"Mannion, Miss. Margareth",Female,21.5,0,0,36866,7.74,Unknown,Q,0,Miss
729,0,2,"Bryhl, Mr. Kurt Arnold Gottfrid",Male,25.0,1,0,236853,26.0,Unknown,S,0,Mr
730,0,3,"Ilmakangas, Miss. Pieta Sofia",Female,25.0,1,0,STON/O2. 3101271,7.92,Unknown,S,0,Miss
731,1,1,"Allen, Miss. Elisabeth Walton",Female,29.0,0,0,24160,65.63,B5,S,1,Miss
732,0,3,"Hassan, Mr. Houssein G N",Male,11.0,0,0,2699,18.79,Unknown,C,0,Mr
733,0,2,"Knight, Mr. Robert J",Male,30.0,0,0,239855,0.0,Unknown,S,0,Mr
734,0,2,"Berriman, Mr. William John",Male,23.0,0,0,28425,13.0,Unknown,S,0,Mr
735,0,2,"Troupiansky, Mr. Moses Aaron",Male,23.0,0,0,233639,13.0,Unknown,S,0,Mr
736,0,3,"Williams, Mr. Leslie",Male,28.5,0,0,54636,16.1,Unknown,S,0,Mr
737,0,3,"Ford, Mrs. Edward (Margaret Ann Watson)",Female,48.0,1,3,W./C. 6608,34.38,Unknown,S,0,Mrs
738,1,1,"Lesurer, Mr. Gustave J",Male,35.0,0,0,PC 17755,65.63,B101,C,1,Mr
739,0,3,"Ivanoff, Mr. Kanio",Male,25.0,0,0,349201,7.9,Unknown,S,0,Mr
740,0,3,"Nankoff, Mr. Minko",Male,25.0,0,0,349218,7.9,Unknown,S,0,Mr
741,1,1,"Hawksford, Mr. Walter James",Male,40.0,0,0,16988,30.0,D45,S,1,Mr
742,0,1,"Cavendish, Mr. Tyrell William",Male,36.0,1,0,19877,65.63,C46,S,1,Mr
743,1,1,"Ryerson, Miss. Susan Parker ""Suzette""",Female,21.0,2,2,PC 17608,65.63,B57 B59 B63 B66,C,1,Miss
744,0,3,"McNamee, Mr. Neal",Male,24.0,1,0,376566,16.1,Unknown,S,0,Mr
745,1,3,"Stranden, Mr. Juho",Male,31.0,0,0,STON/O 2. 3101288,7.92,Unknown,S,0,Mr
746,0,1,"Crosby, Capt. Edward Gifford",Male,70.0,1,1,WE/P 5735,65.63,B22,S,1,Rare
747,0,3,"Abbott, Mr. Rossmore Edward",Male,16.0,1,1,C.A. 2673,20.25,Unknown,S,0,Mr
748,1,2,"Sinkkonen, Miss. Anna",Female,30.0,0,0,250648,13.0,Unknown,S,0,Miss
749,0,1,"Marvin, Mr. Daniel Warner",Male,19.0,1,0,113773,53.1,D30,S,1,Mr
750,0,3,"Connaghton, Mr. Michael",Male,31.0,0,0,335097,7.75,Unknown,Q,0,Mr
751,1,2,"Wells, Miss. Joan",Female,4.0,1,1,29103,23.0,Unknown,S,0,Miss
752,1,3,"Moor, Master. Meier",Male,6.0,0,1,392096,12.48,E121,S,1,Master
753,0,3,"Vande Velde, Mr. Johannes Joseph",Male,33.0,0,0,345780,9.5,Unknown,S,0,Mr
754,0,3,"Jonkoff, Mr. Lalio",Male,23.0,0,0,349204,7.9,Unknown,S,0,Mr
755,1,2,"Herman, Mrs. Samuel (Jane Laver)",Female,48.0,1,2,220845,65.0,Unknown,S,0,Mrs
756,1,2,"Hamalainen, Master. Viljo",Male,0.7,1,1,250649,14.5,Unknown,S,0,Master
757,0,3,"Carlsson, Mr. August Sigfrid",Male,28.0,0,0,350042,7.8,Unknown,S,0,Mr
758,0,2,"Bailey, Mr. Percy Andrew",Male,18.0,0,0,29108,11.5,Unknown,S,0,Mr
759,0,3,"Theobald, Mr. Thomas Leonard",Male,34.0,0,0,363294,8.05,Unknown,S,0,Mr
760,1,1,"Rothes, the Countess. of (Lucy Noel Martha Dyer-Edwards)",Female,33.0,0,0,110152,65.63,B77,S,1,Rare
761,0,3,"Garfirth, Mr. John",Male,25.0,0,0,358585,14.5,Unknown,S,0,Mr
762,0,3,"Nirva, Mr. Iisakki Antino Aijo",Male,41.0,0,0,SOTON/O2 3101272,7.12,Unknown,S,0,Mr
763,1,3,"Barah, Mr. Hanna Assi",Male,20.0,0,0,2663,7.23,Unknown,C,0,Mr
764,1,1,"Carter, Mrs. William Ernest (Lucile Polk)",Female,36.0,1,2,113760,65.63,B96 B98,S,1,Mrs
765,0,3,"Eklund, Mr. Hans Linus",Male,16.0,0,0,347074,7.78,Unknown,S,0,Mr
766,1,1,"Hogeboom, Mrs. John C (Anna Andrews)",Female,51.0,1,0,13502,65.63,D11,S,1,Mrs
767,0,1,"Brewe, Dr. Arthur Jackson",Male,40.0,0,0,112379,39.6,Unknown,C,0,Rare
768,0,3,"Mangan, Miss. Mary",Female,30.5,0,0,364850,7.75,Unknown,Q,0,Miss
769,0,3,"Moran, Mr. Daniel J",Male,25.0,1,0,371110,24.15,Unknown,Q,0,Mr
770,0,3,"Gronnestad, Mr. Daniel Danielsen",Male,32.0,0,0,8471,8.36,Unknown,S,0,Mr
771,0,3,"Lievens, Mr. Rene Aime",Male,24.0,0,0,345781,9.5,Unknown,S,0,Mr
772,0,3,"Jensen, Mr. Niels Peder",Male,48.0,0,0,350047,7.85,Unknown,S,0,Mr
773,0,2,"Mack, Mrs. (Mary)",Female,57.0,0,0,S.O./P.P. 3,10.5,E77,S,1,Mrs
774,0,3,"Elias, Mr. Dibo",Male,25.0,0,0,2674,7.22,Unknown,C,0,Mr
775,1,2,"Hocking, Mrs. Elizabeth (Eliza Needs)",Female,54.0,1,3,29105,23.0,Unknown,S,0,Mrs
776,0,3,"Myhrman, Mr. Pehr Fabian Oliver Malkolm",Male,18.0,0,0,347078,7.75,Unknown,S,0,Mr
777,0,3,"Tobin, Mr. Roger",Male,25.0,0,0,383121,7.75,F38,Q,1,Mr
778,1,3,"Emanuel, Miss. Virginia Ethel",Female,5.0,0,0,364516,12.48,Unknown,S,0,Miss
779,0,3,"Kilgannon, Mr. Thomas J",Male,25.0,0,0,36865,7.74,Unknown,Q,0,Mr
780,1,1,"Robert, Mrs. Edward Scott (Elisabeth Walton McMillan)",Female,43.0,0,1,24160,65.63,B3,S,1,Mrs
781,1,3,"Ayoub, Miss. Banoura",Female,13.0,0,0,2687,7.23,Unknown,C,0,Miss
782,1,1,"Dick, Mrs. Albert Adrian (Vera Gillespie)",Female,17.0,1,0,17474,57.0,B20,S,1,Mrs
783,0,1,"Long, Mr. Milton Clyde",Male,29.0,0,0,113501,30.0,D6,S,1,Mr
784,0,3,"Johnston, Mr. Andrew G",Male,25.0,1,2,W./C. 6607,23.45,Unknown,S,0,Mr
785,0,3,"Ali, Mr. William",Male,25.0,0,0,SOTON/O.Q. 3101312,7.05,Unknown,S,0,Mr
786,0,3,"Harmer, Mr. Abraham (David Lishin)",Male,25.0,0,0,374887,7.25,Unknown,S,0,Mr
787,1,3,"Sjoblom, Miss. Anna Sofia",Female,18.0,0,0,3101265,7.5,Unknown,S,0,Miss
788,0,3,"Rice, Master. George Hugh",Male,8.0,4,1,382652,29.12,Unknown,Q,0,Master
789,1,3,"Dean, Master. Bertram Vere",Male,1.0,1,2,C.A. 2315,20.58,Unknown,S,0,Master
790,0,1,"Guggenheim, Mr. Benjamin",Male,46.0,0,0,PC 17593,65.63,B82 B84,C,1,Mr
791,0,3,"Keane, Mr. Andrew ""Andy""",Male,25.0,0,0,12460,7.75,Unknown,Q,0,Mr
792,0,2,"Gaskell, Mr. Alfred",Male,16.0,0,0,239865,26.0,Unknown,S,0,Mr
793,0,3,"Sage, Miss. Stella Anna",Female,21.5,8,2,CA. 2343,65.63,Unknown,S,0,Miss
794,0,1,"Hoyt, Mr. William Fisher",Male,40.0,0,0,PC 17600,30.7,Unknown,C,0,Mr
795,0,3,"Dantcheff, Mr. Ristiu",Male,25.0,0,0,349203,7.9,Unknown,S,0,Mr
796,0,2,"Otter, Mr. Richard",Male,39.0,0,0,28213,13.0,Unknown,S,0,Mr
797,1,1,"Leader, Dr. Alice (Farnham)",Female,49.0,0,0,17465,25.93,D17,S,1,Rare
798,1,3,"Osman, Mrs. Mara",Female,31.0,0,0,349244,8.68,Unknown,S,0,Mrs
799,0,3,"Ibrahim Shawah, Mr. Yousseff",Male,30.0,0,0,2685,7.23,Unknown,C,0,Mr
800,0,3,"Van Impe, Mrs. Jean Baptiste (Rosalie Paula Govaert)",Female,30.0,1,1,345773,24.15,Unknown,S,0,Mrs
801,0,2,"Ponesell, Mr. Martin",Male,34.0,0,0,250647,13.0,Unknown,S,0,Mr
802,1,2,"Collyer, Mrs. Harvey (Charlotte Annie Tate)",Female,31.0,1,1,C.A. 31921,26.25,Unknown,S,0,Mrs
803,1,1,"Carter, Master. William Thornton II",Male,11.0,1,2,113760,65.63,B96 B98,S,1,Master
804,1,3,"Thomas, Master. Assad Alexander",Male,0.4,0,1,2625,8.52,Unknown,C,0,Master
805,1,3,"Hedman, Mr. Oskar Arvid",Male,27.0,0,0,347089,6.98,Unknown,S,0,Mr
806,0,3,"Johansson, Mr. Karl Johan",Male,31.0,0,0,347063,7.78,Unknown,S,0,Mr
807,0,1,"Andrews, Mr. Thomas Jr",Male,39.0,0,0,112050,0.0,A36,S,1,Mr
808,0,3,"Pettersson, Miss. Ellen Natalia",Female,18.0,0,0,347087,7.78,Unknown,S,0,Miss
809,0,2,"Meyer, Mr. August",Male,39.0,0,0,248723,13.0,Unknown,S,0,Mr
810,1,1,"Chambers, Mrs. Norman Campbell (Bertha Griggs)",Female,33.0,1,0,113806,53.1,E8,S,1,Mrs
811,0,3,"Alexander, Mr. William",Male,26.0,0,0,3474,7.89,Unknown,S,0,Mr
812,0,3,"Lester, Mr. James",Male,39.0,0,0,A/4 48871,24.15,Unknown,S,0,Mr
813,0,2,"Slemen, Mr. Richard James",Male,35.0,0,0,28206,10.5,Unknown,S,0,Mr
814,0,3,"Andersson, Miss. Ebba Iris Alfrida",Female,6.0,4,2,347082,31.28,Unknown,S,0,Miss
815,0,3,"Tomlin, Mr. Ernest Portage",Male,30.5,0,0,364499,8.05,Unknown,S,0,Mr
816,0,1,"Fry, Mr. Richard",Male,40.0,0,0,112058,0.0,B102,S,1,Mr
817,0,3,"Heininen, Miss. Wendla Maria",Female,23.0,0,0,STON/O2. 3101290,7.92,Unknown,S,0,Miss
818,0,2,"Mallet, Mr. Albert",Male,31.0,1,1,S.C./PARIS 2079,37.0,Unknown,C,0,Mr
819,0,3,"Holm, Mr. John Fredrik Alexander",Male,43.0,0,0,C 7075,6.45,Unknown,S,0,Mr
820,0,3,"Skoog, Master. Karl Thorsten",Male,10.0,3,2,347088,27.9,Unknown,S,0,Master
821,1,1,"Hays, Mrs. Charles Melville (Clara Jennings Gregg)",Female,52.0,1,1,12749,65.63,B69,S,1,Mrs
822,1,3,"Lulic, Mr. Nikola",Male,27.0,0,0,315098,8.66,Unknown,S,0,Mr
823,0,1,"Reuchlin, Jonkheer. John George",Male,38.0,0,0,19972,0.0,Unknown,S,0,Rare
824,1,3,"Moor, Mrs. (Beila)",Female,27.0,0,1,392096,12.48,E121,S,1,Mrs
825,0,3,"Panula, Master. Urho Abraham",Male,2.0,4,1,3101295,39.69,Unknown,S,0,Master
826,0,3,"Flynn, Mr. John",Male,25.0,0,0,368323,6.95,Unknown,Q,0,Mr
827,0,3,"Lam, Mr. Len",Male,25.0,0,0,1601,56.5,Unknown,S,0,Mr
828,1,2,"Mallet, Master. Andre",Male,1.0,0,2,S.C./PARIS 2079,37.0,Unknown,C,0,Master
829,1,3,"McCormack, Mr. Thomas Joseph",Male,25.0,0,0,367228,7.75,Unknown,Q,0,Mr
830,1,1,"Stone, Mrs. George Nelson (Martha Evelyn)",Female,62.0,0,0,113572,65.63,B28,S,1,Mrs
831,1,3,"Yasbeck, Mrs. Antoni (Selini Alexander)",Female,15.0,1,0,2659,14.45,Unknown,C,0,Mrs
832,1,2,"Richards, Master. George Sibley",Male,0.8,1,1,29106,18.75,Unknown,S,0,Master
833,0,3,"Saad, Mr. Amin",Male,25.0,0,0,2671,7.23,Unknown,C,0,Mr
834,0,3,"Augustsson, Mr. Albert",Male,23.0,0,0,347468,7.85,Unknown,S,0,Mr
835,0,3,"Allum, Mr. Owen George",Male,18.0,0,0,2223,8.3,Unknown,S,0,Mr
836,1,1,"Compton, Miss. Sara Rebecca",Female,39.0,1,1,PC 17756,65.63,E49,C,1,Miss
837,0,3,"Pasic, Mr. Jakob",Male,21.0,0,0,315097,8.66,Unknown,S,0,Mr
838,0,3,"Sirota, Mr. Maurice",Male,25.0,0,0,392092,8.05,Unknown,S,0,Mr
839,1,3,"Chip, Mr. Chang",Male,32.0,0,0,1601,56.5,Unknown,S,0,Mr
840,1,1,"Marechal, Mr. Pierre",Male,40.0,0,0,11774,29.7,C47,C,1,Mr
841,0,3,"Alhomaki, Mr. Ilmari Rudolf",Male,20.0,0,0,SOTON/O2 3101287,7.92,Unknown,S,0,Mr
842,0,2,"Mudd, Mr. Thomas Charles",Male,16.0,0,0,S.O./P.P. 3,10.5,Unknown,S,0,Mr
843,1,1,"Serepeca, Miss. Augusta",Female,30.0,0,0,113798,31.0,Unknown,C,0,Miss
844,0,3,"Lemberopolous, Mr. Peter L",Male,34.5,0,0,2683,6.44,Unknown,C,0,Mr
845,0,3,"Culumovic, Mr. Jeso",Male,17.0,0,0,315090,8.66,Unknown,S,0,Mr
846,0,3,"Abbing, Mr. Anthony",Male,42.0,0,0,C.A. 5547,7.55,Unknown,S,0,Mr
847,0,3,"Sage, Mr. Douglas Bullen",Male,25.0,8,2,CA. 2343,65.63,Unknown,S,0,Mr
848,0,3,"Markoff, Mr. Marin",Male,35.0,0,0,349213,7.9,Unknown,C,0,Mr
849,0,2,"Harper, Rev. John",Male,28.0,0,1,248727,33.0,Unknown,S,0,Rare
850,1,1,"Goldenberg, Mrs. Samuel L (Edwiga Grabowska)",Female,35.0,1,0,17453,65.63,C92,C,1,Mrs
851,0,3,"Andersson, Master. Sigvard Harald Elias",Male,4.0,4,2,347082,31.28,Unknown,S,0,Master
852,0,3,"Svensson, Mr. Johan",Male,74.0,0,0,347060,7.78,Unknown,S,0,Mr
853,0,3,"Boulos, Miss. Nourelain",Female,9.0,1,1,2678,15.25,Unknown,C,0,Miss
854,1,1,"Lines, Miss. Mary Conover",Female,16.0,0,1,PC 17592,39.4,D28,S,1,Miss
855,0,2,"Carter, Mrs. Ernest Courtenay (Lilian Hughes)",Female,44.0,1,0,244252,26.0,Unknown,S,0,Mrs
856,1,3,"Aks, Mrs. Sam (Leah Rosen)",Female,18.0,0,1,392091,9.35,Unknown,S,0,Mrs
857,1,1,"Wick, Mrs. George Dennick (Mary Hitchcock)",Female,45.0,1,1,36928,65.63,Unknown,S,0,Mrs
858,1,1,"Daly, Mr. Peter Denis",Male,51.0,0,0,113055,26.55,E17,S,1,Mr
859,1,3,"Baclini, Mrs. Solomon (Latifa Qurban)",Female,24.0,0,3,2666,19.26,Unknown,C,0,Mrs
860,0,3,"Razi, Mr. Raihed",Male,25.0,0,0,2629,7.23,Unknown,C,0,Mr
861,0,3,"Hansen, Mr. Claus Peter",Male,41.0,2,0,350026,14.11,Unknown,S,0,Mr
862,0,2,"Giles, Mr. Frederick Edward",Male,21.0,1,0,28134,11.5,Unknown,S,0,Mr
863,1,1,"Swift, Mrs. Frederick Joel (Margaret Welles Barron)",Female,48.0,0,0,17466,25.93,D17,S,1,Mrs
864,0,3,"Sage, Miss. Dorothy Edith ""Dolly""",Female,21.5,8,2,CA. 2343,65.63,Unknown,S,0,Miss
865,0,2,"Gill, Mr. John William",Male,24.0,0,0,233866,13.0,Unknown,S,0,Mr
866,1,2,"Bystrom, Mrs. (Karolina)",Female,42.0,0,0,236852,13.0,Unknown,S,0,Mrs
867,1,2,"Duran y More, Miss. Asuncion",Female,27.0,1,0,SC/PARIS 2149,13.86,Unknown,C,0,Miss
868,0,1,"Roebling, Mr. Washington Augustus II",Male,31.0,0,0,PC 17590,50.5,A24,S,1,Mr
869,0,3,"van Melkebeke, Mr. Philemon",Male,25.0,0,0,345777,9.5,Unknown,S,0,Mr
870,1,3,"Johnson, Master. Harold Theodor",Male,4.0,1,1,347742,11.13,Unknown,S,0,Master
871,0,3,"Balkic, Mr. Cerin",Male,26.0,0,0,349248,7.9,Unknown,S,0,Mr
872,1,1,"Beckwith, Mrs. Richard Leonard (Sallie Monypeny)",Female,47.0,1,1,11751,52.55,D35,S,1,Mrs
873,0,1,"Carlsson, Mr. Frans Olof",Male,33.0,0,0,695,5.0,B51 B53 B55,S,1,Mr
874,0,3,"Vander Cruyssen, Mr. Victor",Male,47.0,0,0,345765,9.0,Unknown,S,0,Mr
875,1,2,"Abelson, Mrs. Samuel (Hannah Wizosky)",Female,28.0,1,0,P/PP 3381,24.0,Unknown,C,0,Mrs
876,1,3,"Najib, Miss. Adele Kiamie ""Jane""",Female,15.0,0,0,2667,7.22,Unknown,C,0,Miss
877,0,3,"Gustafsson, Mr. Alfred Ossian",Male,20.0,0,0,7534,9.85,Unknown,S,0,Mr
878,0,3,"Petroff, Mr. Nedelio",Male,19.0,0,0,349212,7.9,Unknown,S,0,Mr
879,0,3,"Laleff, Mr. Kristo",Male,25.0,0,0,349217,7.9,Unknown,S,0,Mr
880,1,1,"Potter, Mrs. Thomas Jr (Lily Alexenia Wilson)",Female,56.0,0,1,11767,65.63,C50,C,1,Mrs
881,1,2,"Shelley, Mrs. William (Imanita Parrish Hall)",Female,25.0,0,1,230433,26.0,Unknown,S,0,Mrs
882,0,3,"Markun, Mr. Johann",Male,33.0,0,0,349257,7.9,Unknown,S,0,Mr
883,0,3,"Dahlberg, Miss. Gerda Ulrika",Female,22.0,0,0,7552,10.52,Unknown,S,0,Miss
884,0,2,"Banfield, Mr. Frederick James",Male,28.0,0,0,C.A./SOTON 34068,10.5,Unknown,S,0,Mr
885,0,3,"Sutehall, Mr. Henry Jr",Male,25.0,0,0,SOTON/OQ 392076,7.05,Unknown,S,0,Mr
886,0,3,"Rice, Mrs. William (Margaret Norton)",Female,39.0,0,5,382652,29.12,Unknown,Q,0,Mrs
887,0,2,"Montvila, Rev. Juozas",Male,27.0,0,0,211536,13.0,Unknown,S,0,Rare
888,1,1,"Graham, Miss. Margaret Edith",Female,19.0,0,0,112053,30.0,B42,S,1,Miss
889,0,3,"Johnston, Miss. Catherine Helen ""Carrie""",Female,21.5,1,2,W./C. 6607,23.45,Unknown,S,0,Miss
890,1,1,"Behr, Mr. Karl Howell",Male,26.0,0,0,111369,30.0,C148,C,1,Mr
891,0,3,"Dooley, Mr. Patrick",Male,32.0,0,0,370376,7.75,Unknown,Q,0,Mr
