Column,Mean,Median,Mode,Std_Dev,Min,Max,Skewness
sales_amount,48472.22,8791.04,102.75,94527.88,43.73,749210.69,3.3
profit,10233.16,3117.66,6.89,17901.44,1.56,198109.98,3.23
quantity,5.48,5.0,5.0,2.86,1.0,10.0,0.02
age,35.45,35.0,35.0,10.34,15.0,72.0,0.35
unit_price,10691.52,2273.9,103.75,17357.16,50.26,79957.92,2.25
discount_pct,0.2,0.2,0.0,0.12,0.0,0.4,-0.02
customer_satisfaction,3.0,3.0,3.0,1.35,1.0,5.0,-0.01
days_to_ship,5.52,6.0,6.0,2.83,0.0,10.0,-0.02
profit_margin_pct,30.42,28.14,35.0,18.58,1.01,98.69,0.67
